LessonKey, BlendingWordList, JsonWordList
"Fat Cat Sat","fat,cat,hat,sat,mat,pat,bat,rat,vat","fat,cat,hat,sat,mat,pat,bat,rat,tat,vat"
"Cap Gap Tap","cap,gap,lap,map,rap,sap,tap,zap","cap,gap,lap,map,nap,pap,rap,sap,tap,wap,yap,zap"
"Cat + Cap","fat,cat,hat,sat,mat,pat,bat,rat,vat,cap,gap,lap,map,rap,sap,tap,zap","cap,gap,lap,map,nap,pap,rap,sap,tap,wap,yap,zap"
"Bag Nag Tag","bag,hag,jag,lag,nag,rag,sag,tag,wag","bag,gag,hag,jag,lag,nag,rag,sag,tag,wag,zag"
"Fan Can Tan","ban,can,Dan,fan,Jan,lan,man,pan,ran,tan,van","ban,can,Dan,fan,Jan,lan,man,pan,ran,tan,van"
"Bat + Bag","fat,cat,hat,sat,mat,pat,bat,rat,vat,bag,hag,jag,lag,nag,rag,sag,tag,wag","bag,gag,hag,jag,lag,nag,rag,sag,tag,wag,zag"
"Cat + Cap + Bag + Fan","ban,can,Dan,fan,Jan,lan,man,pan,ran,tan,van,fat,cat,hat,sat,mat,pat,bat,rat,vat,cap,gap,lap,map,rap,sap,tap,zap,bag,hag,jag,lag,nag,rag,sag,tag,wag","bag,gag,jag,mag,lag,nag,rag,sag,tag,wag,zag,bat,cat,fat,hat,mat,pat,sat,vat,cap,gap,lap,map,nap,pap,rap,sap,tap,wap,zap,ban,can,Dan,fan,Jan,man,pan,ran,tan,van"
"b-d-p for /a/ words","pap,dad,bab,dab,bad,pad","pap,bad,dad,dab,bab,pad"
"All Cat Words","bat,bag,bad,bass,dab,dad,Dan,fab,fad,fan,fat,fax,gab,gag,gap,gas,had,ham,hat,has,jab,jag,jam,jazz,lab,lag,lap,mad,man,map,mass,mat,max,nab,nag,nap,pad,Pam,pan,pass,pat,ram,ran,rap,rat,sad,sag,Sam,sat,tab,tag,tam,tan,tap,van,vat,wag,wax,zap","bat,bag,bad,bass,dab,dad,Dan,fab,fad,fan,fat,fax,gab,gag,gap,gas,had,ham,hat,has,jab,jag,jam,jazz,lab,lag,lap,mad,man,map,mass,mat,max,nab,nag,nap,pad,Pam,pan,pass,pat,ram,ran,rap,rat,sad,sag,Sam,sat,tab,tag,tam,tan,tap,van,vat,wag,wax,yap,zap"
"Bit Pit Sit","bit,fit,hit,kit,mitt,pit,sit,wit,zit","it,bit,fit,hit,kit,lit,mitt,pit,sit,wit,zit"
"Bat + Bit","fat,cat,hat,sat,mat,pat,bat,rat,vat,bit,fit,hit,kit,mitt,pit,sit,wit,zit","cat,mat,fat,bat,hat,pat,fat"
"Big Dig Fig","big,dig,fig,jig,pig,rig,wig,zig","big,dig,fig,gig,jig,pig,rig,wig,zig"
"Bit + Big","big,dig,fig,jig,pig,rig,wig,zig,bit,fit,hit,kit,mitt,pit,sit,wit,zit","pit,wit,zit,bit,fit"
"Bag + Big","bag,hag,jag,lag,nag,rag,sag,tag,wag,big,dig,fig,jig,pig,rig,wig,zig","big,dig,fig,gig,jig,pig,rig,wig,zig"
"Contrast /a/ + /i/","dip,hip,jip,lip,nip,pip,rip,sip,zip,big,dig,fig,jig,pig,rig,wig,zig,bag,hag,jag,lag,nag,rag,sag,tag,wag,fat,cat,hat,sat,mat,pat,bat,rat,vat,bit,fit,hit,kit,mitt,pit,sit,wit,zit","nip,sip,jig,zig,rig,gig,tip,rip,wig,lit,mitt,lip,fit,pit,sit,hit"
"b-d-p for /a/ and /i/ words","bib,dib,bid,did,dip,pap,dad,bab,dab,bad,pad","bid,bib,bin,bid,big,bat,bit,biz,did,din,dig,dip,dim"
"All Bit Words","bib,big,bid,Bill,bin,bit,dib,did,dig,dill,din,dim,diss,dip,fib,fin,fig,fill,fit,fix,fizz,gig,gill,hid,hill,him,hip,his,hiss,hit,jib,jig,Jim,jip,kid,kit,kiss,lid,lip,mid,miff,miss,mitt,mix,nip,nit,pill,pin,pit,pig,rib,rid,riff,rig,rim,rip,sid,sill,sin,sip,sis,sit,six,tiff,Tim,till,tin,tip,wig,will,wit,wiz,yip,zig,zip,zit,bat,bag,bad,bass,dab,dad,Dan,fab,fad,fan,fat,fax,gab,gag,gap,gas,had,ham,hat,has,jab,jag,jam,jazz,lab,lag,lap,mad,man,map,mass,mat,max,nab,nag,nap,pad,Pam,pan,pass,pat,ram,ran,rap,rat,sad,sag,Sam,sat,tab,tag,tam,tan,tap,van,vat,wag,wax,zap","bib,big,bid,Bill,bin,bit,biz,did,dig,dill,dim,diss,dip,fib,fin,fig,fill,fit,fix,fizz,gig,gill,hid,hill,him,hip,his,hiss,hit,jig,Jim,kid,kit,kiss,lid,lip,mid,miss,mitt,mix,nip,pill,pin,pit,pig,rib,rid,riff,rig,rim,rip,sill,sin,sip,sis,sit,six,tiff,Tim,till,tin,tip,wig,will,wit,yip,zig,zip,zit"
"Cot Dot Jot","cot,dot,got,hot,jot,lot,not,pot,rot,tot","cot,dot,jot,bot,got,hot,tot,lot,not,pot,rot"
"Cot + Cog + Cop","bog,cog,dog,fog,hog,jog,log,cop,fop,hop,lop,pop,top,cot,dot,got,hot,jot,lot,not,pot,rot,tot","bog,cog,dog,fog,hog,jog,log,bop,cop,hop,lop,mop,pop,sop,top"
"Contrast /a/ + /i/ + /o/","fob,fop,gob,God,hop,job,lob,mob,mod,mop,nod,pod,pop,rob,rod,sob,sod,sop,top,Bob,bog,boss,bop,box,dog,doff,doll,don,dot,fob,fog,fop,fox,gob,God,got,hog,hop,hot,job,jog,jot,lob,log,lot,loss,mob,mod,mom,moss,mop,nod,non,not,pod,pop,pot,pox,rob,rod,Ron,rot,sob,sod,sop,tom,toss,top,tot,bat,bag,bad,bass,dab,dad,Dan,fab,fad,fan,fat,fax,gab,gag,gap,gas,had,ham,hat,has,jab,jag,jam,jazz,lab,lag,lap,mad,man,map,mass,mat,max,nab,nag,nap,pad,Pam,pan,pass,pat,ram,ran,rap,rat,sad,sag,Sam,sat,tab,tag,tam,tan,tap,van,vat,wag,wax,zap,bib,big,bid,Bill,bin,bit,dib,did,dig,dill,din,dim,diss,dip,fib,fin,fig,fill,fit,fix,fizz,gig,gill,hid,hill,him,hip,his,hiss,hit,jib,jig,Jim,jip,kid,kit,kiss,lid,lip,mid,miff,miss,mitt,mix,nip,nit,pill,pin,pit,pig,rib,rid,riff,rig,rim,rip,sid,sill,sin,sip,sis,sit,six,tiff,Tim,till,tin,tip,wig,will,wit,wiz,yip,zig,zip,zit","pat,pit,pot,bag,big,bog,nat,nit,not,jab,jib,job,sad,sid,sod,tap,tip,top,bat,bit,bot"
"b-d-p for Bat-Bit-Bot Words","Bob,pod,pop,bop,bib,dib,bid,did,dip,pap,dad,bab,dab,bad,pad","dob,pop,bob,bod,pod,bot,dot,pot,bog,dog,doc,bop"
"All Cot Words","Bob,bog,boss,bop,box,dog,doff,doll,don,dot,fob,fog,fop,fox,gob,God,got,hog,hop,hot,job,jog,jot,lob,log,lot,loss,mob,mod,mom,moss,mop,nod,non,not,pod,pop,pot,pox,rob,rod,Ron,rot,sob,sod,sop,tom,toss,top,tot,bat,bag,bad,bass,dab,dad,Dan,fab,fad,fan,fat,fax,gab,gag,gap,gas,had,ham,hat,has,jab,jag,jam,jazz,lab,lag,lap,mad,man,map,mass,mat,max,nab,nag,nap,pad,Pam,pan,pass,pat,ram,ran,rap,rat,sad,sag,Sam,sat,tab,tag,tam,tan,tap,van,vat,wag,wax,zap,bib,big,bid,Bill,bin,bit,dib,did,dig,dill,din,dim,diss,dip,fib,fin,fig,fill,fit,fix,fizz,gig,gill,hid,hill,him,hip,his,hiss,hit,jib,jig,Jim,jip,kid,kit,kiss,lid,lip,mid,miff,miss,mitt,mix,nip,nit,pill,pin,pit,pig,rib,rid,riff,rig,rim,rip,sid,sill,sin,sip,sis,sit,six,tiff,Tim,till,tin,tip,wig,will,wit,wiz,yip,zig,zip,zit,bib,big,bid,Bill,bin,bit,dib,did,dig,dill,din,dim,diss,dip,fib,fin,fig,fill,fit,fix,fizz,gig,gill,hid,hill,him,hip,his,hiss,hit,jib,jig,Jim,jip,kid,kit,kiss,lid,lip,mid,miff,miss,mitt,mix,nip,nit,pill,pin,pit,pig,rib,rid,riff,rig,rim,rip,sid,sill,sin,sip,sis,sit,six,tiff,Tim,till,tin,tip,wig,will,wit,wiz,yip,zig,zip,zit","Bob,bog,boss,bop,box,dog,doll,Don,dot,fob,fog,fop,fox,gob,got,hog,hop,hot,job,jog,jot,lob,log,lot,loss,mob,mod,mom,moss,mop,nod,non,not,pod,pop,pot,pox,rob,rod,Ron,rot,sob,sod,sop,Tom,toss,top,tot"
"But Nut Rut","but,cut,gut,hut,jut,mutt,nut,putt,rut,tut,fat,cat,hat,sat,mat,pat,bat,rat,vat","but,cut,gut,hut,jut,mutt,nut,putt,rut,tut"
"Bug Rug Jug","bug,dug,hug,lug,jug,mug,pug,rug,tug,zug,but,cut,gut,hut,jut,mutt,nut,putt,rut,tut,bag,hag,jag,lag,nag,rag,sag,tag,wag,fat,cat,hat,sat,mat,pat,bat,rat,vat","bug,dug,hug,jug,lug,mug,pug,rug,tug"
"Contrast /a/ and /u/","buff,bun,butt,buzz,hub,hum,muff,muss,nun,putt,run,sum,tux,bat,bag,bad,bass,dab,dad,Dan,fab,fad,fan,fat,fax,gab,gag,gap,gas,had,ham,hat,has,jab,jag,jam,jazz,lab,lag,lap,mad,man,map,mass,mat,max,nab,nag,nap,pad,Pam,pan,pass,pat,ram,ran,rap,rat,sad,sag,Sam,sat,tab,tag,tam,tan,tap,van,vat,wag,wax,zap","buff,bun,butt,buzz,hub,hum,mud,muff,muss,nun,putt,run,sum,tux"
"Contrast /i/ and /u/","bum,bus,duff,fun,fuzz,huff,mud,mum,nub,puff,pun,ruff,sub,sun,tub,bib,big,bid,Bill,bin,bit,dib,did,dig,dill,din,dim,diss,dip,fib,fin,fig,fill,fit,fix,fizz,gig,gill,hid,hill,him,hip,his,hiss,hit,jib,jig,Jim,jip,kid,kit,kiss,lid,lip,mid,miff,miss,mitt,mix,nip,nit,pill,pin,pit,pig,rib,rid,riff,rig,rim,rip,sid,sill,sin,sip,sis,sit,six,tiff,Tim,till,tin,tip,wig,will,wit,wiz,yip,zig,zip,zit","bum,bus,duff,fun,fuzz,huff,mud,mum,nub,puff,pun,ruff,sub,sun,tub"
"Contrast /o/ and /u/","bud,buff,bug,bum,bun,but,butt,bus,buzz,dub,dud,duff,dug,dun,fun,fuzz,hub,huff,hull,hug,hut,hum,jug,jut,lug,mud,muff,mug,mum,muss,nub,nun,nut,pub,puff,pug,pun,putt,pup,pus,run,ruff,rug,rut,sub,sum,sun,sup,tub,tug,tut,tux,Bob,bog,boss,bop,box,dog,doff,doll,don,dot,fob,fog,fop,fox,gob,God,got,hog,hop,hot,job,jog,jot,lob,log,lot,loss,mob,mod,mom,moss,mop,nod,non,not,pod,pop,pot,pox,rob,rod,Ron,rot,sob,sod,sop,tom,toss,top,tot","putt,nun,bus,fuzz,run,mud,muss,jug,but,hut,dug,rub,rut,hug,bug,bus"
"b-d-p for Bat-Bit-Bot-But Words","bud,dub,dud,pub,pug,pup,Bob,pod,pop,bop,bib,dib,bid,did,dip,pap,dad,bab,dab,bad,pad","bud,bug,bod,bad,bid,ban,bop,bot,bog"
"All Bug Words","bud,buff,bug,bum,bun,but,butt,bus,buzz,dub,dud,duff,dug,dun,fun,fuzz,hub,huff,hull,hug,hut,hum,jug,jut,lug,mud,muff,mug,mum,muss,nub,nun,nut,pub,puff,pug,pun,putt,pup,pus,run,ruff,rug,rut,sub,sum,sun,sup,tub,tug,tut,tux,fat,cat,hat,sat,mat,pat,bat,rat,vat,cap,gap,lap,map,rap,sap,tap,zap,bag,hag,jag,lag,nag,rag,sag,tag,wag,bit,fit,hit,kit,mitt,pit,sit,wit,zit,big,dig,fig,jig,pig,rig,wig,zig,dip,hip,jip,lip,nip,pip,rip,sip,zip,cot,dot,got,hot,jot,lot,not,pot,rot,tot,bog,cog,dog,fog,hog,jog,log,cop,fop,hop,lop,pop,top","bud,buff,bug,bum,bun,but,butt,bus,buzz,dub,dud,duff,dug,dun,fun,fuzz,hub,huff,hull,hug,hut,hum,jug,jut,lug,mud,muff,mug,mum,muss,nub,nun,nut,pub,puff,pug,pun,putt,pup,pus,run,ruff,rug,rut,sub,sum,sun,sup,tub,tug,tut,tux"
"Bet Get Jet","bet,get,jet,let,met,net,pet,set,vet,wet","bet,get,jet,let,met,net,pet,set,vet,wet"
"Beg Leg Keg","beg,keg,leg,Meg,peg,pep,rep,bet,get,jet,let,met,net,pet,set,vet,wet","beg,keg,leg,Meg,peg,pep,rep,yep"
"Contrast /a/ and /e/","bed,fed,led,Ned,web,wed,den,fen,hen,men,pen,ten,bat,bag,bad,bass,dab,dad,Dan,fab,fad,fan,fat,fax,gab,gag,gap,gas,had,ham,hat,has,jab,jag,jam,jazz,lab,lag,lap,mad,man,map,mass,mat,max,nab,nag,nap,pad,Pam,pan,pass,pat,ram,ran,rap,rat,sad,sag,Sam,sat,tab,tag,tam,tan,tap,van,vat,wag,wax,zap","leg,men,pen,mess,pet,fed,ten,beg,led,met,set,less,den,fen"
"Contrast /i/ and /e/","bell,Ben,Bess,den,gem,gel,hex,less,mess,pen,sell,Tess,tell,well,bib,big,bid,Bill,bin,bit,dib,did,dig,dill,din,dim,diss,dip,fib,fin,fig,fill,fit,fix,fizz,gig,gill,hid,hill,him,hip,his,hiss,hit,jib,jig,Jim,jip,kid,kit,kiss,lid,lip,mid,miff,miss,mitt,mix,nip,nit,pill,pin,pit,pig,rib,rid,riff,rig,rim,rip,sid,sill,sin,sip,sis,sit,six,tiff,Tim,till,tin,tip,wig,will,wit,wiz,yip,zig,zip,zit","well,sell,den,peg,pet,bet,ten,bell,bed,pen,set,tell,led,let,fen,beg"
"Contrast /o/ and /e/","bed,bell,Ben,Bess,bet,beg,den,fed,fen,fez,gem,gel,hen,hex,jet,led,leg,let,less,Meg,men,met,mess,Ned,net,pen,peg,pet,set,sell,ten,Tess,tell,vet,web,wed,well,wet,Bob,bog,boss,bop,box,dog,doff,doll,don,dot,fob,fog,fop,fox,gob,God,got,hog,hop,hot,job,jog,jot,lob,log,lot,loss,mob,mod,mom,moss,mop,nod,non,not,pod,pop,pot,pox,rob,rod,Ron,rot,sob,sod,sop,tom,toss,top,tot","pet,beg,bess,net,den,tess,jet,less,leg,ned,mess,let,bet,dell,jen"
"Contrast /u/ and /e/","bed,bell,Ben,Bess,bet,beg,den,fed,fen,fez,gem,gel,hen,hex,jet,led,leg,let,less,Meg,men,met,mess,Ned,net,pen,peg,pet,set,sell,ten,Tess,tell,vet,web,wed,well,wet,bud,buff,bug,bum,bun,but,butt,bus,buzz,dub,dud,duff,dug,dun,fun,fuzz,hub,huff,hull,hug,hut,hum,jug,jut,lug,mud,muff,mug,mum,muss,nub,nun,nut,pub,puff,pug,pun,putt,pup,pus,run,ruff,rug,rut,sub,sum,sun,sup,tub,tug,tut,tux","bug,pun,lug,jut,dull,bun,hun"
"b-d-p Review","bed,Deb,ped,dep,pep,bud,dub,dud,pub,pug,pup,Bob,pod,pop,bop,bib,dib,bid,did,dip,pap,dad,bab,dab,bad,pad","bud,bug,bod,bad,bid,bed,bop,bog,bab,dub,dud,dug,dad,dab,did,dip,dog,deb,pad,pap,pip,pub,pup"
"Grand Review","bed,bell,Ben,Bess,bet,beg,den,fed,fen,fez,gem,gel,hen,hex,jet,led,leg,let,less,Meg,men,met,mess,Ned,net,pen,peg,pet,set,sell,ten,Tess,tell,vet,web,wed,well,wet,bud,buff,bug,bum,bun,but,butt,bus,buzz,dub,dud,duff,dug,dun,fun,fuzz,hub,huff,hull,hug,hut,hum,jug,jut,lug,mud,muff,mug,mum,muss,nub,nun,nut,pub,puff,pug,pun,putt,pup,pus,run,ruff,rug,rut,sub,sum,sun,sup,tub,tug,tut,tux,bib,big,bid,Bill,bin,bit,dib,did,dig,dill,din,dim,diss,dip,fib,fin,fig,fill,fit,fix,fizz,gig,gill,hid,hill,him,hip,his,hiss,hit,jib,jig,Jim,jip,kid,kit,kiss,lid,lip,mid,miff,miss,mitt,mix,nip,nit,pill,pin,pit,pig,rib,rid,riff,rig,rim,rip,sid,sill,sin,sip,sis,sit,six,tiff,Tim,till,tin,tip,wig,will,wit,wiz,yip,zig,zip,zit,bat,bag,bad,bass,dab,dad,Dan,fab,fad,fan,fat,fax,gab,gag,gap,gas,had,ham,hat,has,jab,jag,jam,jazz,lab,lag,lap,mad,man,map,mass,mat,max,nab,nag,nap,pad,Pam,pan,pass,pat,ram,ran,rap,rat,sad,sag,Sam,sat,tab,tag,tam,tan,tap,van,vat,wag,wax,zap,Bob,bog,boss,bop,box,dog,doff,doll,don,dot,fob,fog,fop,fox,gob,God,got,hog,hop,hot,job,jog,jot,lob,log,lot,loss,mob,mod,mom,moss,mop,nod,non,not,pod,pop,pot,pox,rob,rod,Ron,rot,sob,sod,sop,tom,toss,top,tot","gem,miff,den,vat,job,putt,pup,job,fen,sop,moss,nun,zap,pit,van,sob,mat,mud,gel,fox,Bess,Dan,riff,din,rim,ten,ham,pun"
"ck Endings","back,hack,Jack,lack,pack,rack,sack,tack,yack,Zack,beck,deck,hick,kick,pick,sick,tick,wick,bock,dock,hock,jock,lock,mock,rock,sock,duck,guck,luck,muck,suck,tuck","back,hack,lack,pack,rack,sack,tack,yack,deck,hick,lick,kick,pick,sick,tick,wick,dock,jock,lock,mock,rock,sock,duck,luck,muck,tuck,yuck"
"Prefix Blend Warmup","bl,cl,fl,gl,pl,sc,sl,sm,sn,sp,st,sw,tw,spl","bl,cl,fl,gl,pl,sc,sl,sm,sn,sp,st,sw,tw,spl"
"Prefix Clusters bl, cl, fl, ...","clap,clam,clan,flab,flap,flat,flax,glad,glam,glass,plan,scab,slab,slam,slap,swam,stab,snap,snag,span,spat,scat,blip,clip,click,flip,flit,glib,glad,quit,quiz,skin,skip,snip,slit,slip,slim,spin,stick,spit,split,swig,swim,twin,bled,fled,Greg,shed,sled,glen,pled,stem,swell,blog,blob,blot,clog,clot,flog,flop,plod,plop,plot,scot,slog,slot,smog,snob,snot,spot,stop,club,plug,plus,plum,snug,smug,slum,scum,stub,stud,snub","slap,flash,clog,scam,block,spill,span,swell,slick,plan,black,sled,stub,spit,plot,flan,slob,scuff,fled,blog,bled,flog,clop,slip"
"Suffix Clusters","band,camp,cask,calf,damp,daft,fact,gash,gasp,hack,half,hand,haft,jamb,lamp,land,lamb,lank,mask,pant,pact,ramp,raft,rasp,task,tact,belt,bend,bent,deft,dent,desk,felt,fend,heft,help,kelp,kept,lent,meld,mend,melt,pent,rent,sent,tend,text,vent,welk,went,wept,cast,last,mast,past,best,vast,best,jest,zest,gist,lost,bust,dust,fast,test,nest,pest,rest,west,gust,fist,wist,just,bilk,dint,disk,film,gift,gilt,kiln,limb,lint,lisp,milk,ritz,sift,tilt,vint,wimp,wind,wisp,bomb,dock,dolf,fond,font,bulk,bump,bunt,cult,cusp,duck,duct,dumb,dump,fund,gulf,hulk,hump,hunt,jump,luck,lump,muck,musk,numb,puck,pulp,punt,rump,sump,tusk","dent,gent,lent,pent,rent,sent,punt,bent,cent,went,pant,dint,lint,vent,font,hunt,bunt,raft,daft,haft,heft,deft,gift,sift,duct,pact,tact,fact,wept,kept,text,next,tilt,cult,belt,celt,melt,felt,band,hand,fend,bend,mend,tend,land,fond,wind,fund,send,lend"
"Suffix Clusters with s","bands,camps,casks,casts,facts,gasps,hacks,hands,lamps,lands,lambs,masks,masts,pants,pact,ramps,rafts,rasps,tasks,belts,bends,debts,dents,desks,helps,jests,melds,mends,melts,nests,pests,rents,rests,tests,texts,vents,disks,films,fists,gifts,gives,kilns,limbs,lisps,sifts,tilts,wimps,winds,wisps,bombs,docks,fonts,hocks,jocks,mocks,romps,socks,bucks,bulks,bumps,bunts,busts,busks,cults,ducks,ducts,dumps,dusts,funds,gulfs,gusts,hulks,humps,hunts,jumps,lucks,lumps,mucks,musks,numbs,pulps,punts,rumps,tusks","bands,camps,casts,facts,gasps,hacks,hands,lamps,lands,lambs,masks,pants,ramps,rafts,tasks,belts,bends,cents,dents,desks,helps,melts,nests,pests,rents,rests,tests,texts,vents,disks,fists,gifts,gives,limbs,wimps,winds,bombs,docks,fonts,jocks,mocks,socks,bucks,bumps,ducks,dumps,dusts,funds,hunts,jumps,lucks,lumps,tusks"
"Review 1","club,plug,plus,plum,snug,smug,slum,scum,stub,stud,snub,band,camp,cask,calf,damp,daft,fact,gash,gasp,hack,half,hand,haft,jamb,lamp,land,lamb,lank,mask,pant,pact,ramp,raft,rasp,task,tact,belt,bend,bent,deft,dent,desk,felt,fend,heft,help,kelp,kept,lent,meld,mend,melt,pent,rent,sent,tend,text,vent,welk,went,wept,cast,last,mast,past,best,vast,best,jest,zest,gist,lost,bust,dust,fast,test,nest,pest,rest,west,gust,fist,wist,just,bilk,dint,disk,film,gift,gilt,kiln,limb,lint,lisp,milk,ritz,sift,tilt,vint,wimp,wind,wisp,bomb,dock,dolf,fond,font,bulk,bump,bunt,cult,cusp,duck,duct,dumb,dump,fund,gulf,hulk,hump,hunt,jump,luck,lump,muck,musk,numb,puck,pulp,punt,rump,sump,tusk,bands,camps,casks,casts,facts,gasps,hacks,hands,lamps,lands,lambs,masks,masts,pants,pact,ramps,rafts,rasps,tasks,belts,bends,debts,dents,desks,helps,jests,melds,mends,melts,nests,pests,rents,rests,tests,texts,vents,disks,films,fists,gifts,gives,kilns,limbs,lisps,sifts,tilts,wimps,winds,wisps,bombs,docks,fonts,hocks,jocks,mocks,romps,socks,bucks,bulks,bumps,bunts,busts,busks,cults,ducks,ducts,dumps,dusts,funds,gulfs,gusts,hulks,humps,hunts,jumps,lucks,lumps,mucks,musks,numbs,pulps,punts,rumps,tusks",""
"Suffix Digraphs ng, nk, sh","bang,bing,bong,ding,dung,fang,gang,gong,hang,hung,king,long,mung,ping,pong,rang,ring,rung,sang,sing,song,sung,wend,wing,zing,bank,bonk,bunk,dank,dunk,fink,funk,junk,link,mink,pink,punk,rank,rink,sank,sink,sunk,tank,yank,zink,bash,cash,dash,dish,dosh,fish,gash,gosh,hash,hush,Josh,lash,lush,mash,mesh,mush,posh,rash,rush,wish","bang,bong,ding,dung,fang,gang,gong,hang,hung,king,long,ping,pong,rang,ring,rung,sang,sing,song,sung,wing,zing,bank,bonk,bunk,dank,dunk,fink,funk,junk,link,mink,pink,punk,rank,rink,sank,sink,sunk,tank,yank,zink,bash,cash,dash,dish,fish,gash,gosh,hash,hus,hash,lash,lush,mash,mesh,mush,posh,rash,rush,wish"
"Suffix Digraphs ngs, nks","bangs,bongs,dings,fangs,gangs,hangs,kings,pings,rings,rungs,sings,songs,wings,banks,bonks,bunks,dunks,finks,junks,links,minks,monks,punks,ranks,rinks,sinks,tanks,yanks","bangs,bongs,dings,fangs,gangs,hangs,kings,pings,rings,rungs,sings,songs,wings,banks,bonks,bunks,dunks,finks,junks,links,minks,monks,punks,ranks,rinks,sinks,tanks,yanks"
"Review 2","bands,camps,casks,casts,facts,gasps,hacks,hands,lamps,lands,lambs,masks,masts,pants,pact,ramps,rafts,rasps,tasks,belts,bends,debts,dents,desks,helps,jests,melds,mends,melts,nests,pests,rents,rests,tests,texts,vents,disks,films,fists,gifts,gives,kilns,limbs,lisps,sifts,tilts,wimps,winds,wisps,bombs,docks,fonts,hocks,jocks,mocks,romps,socks,bucks,bulks,bumps,bunts,busts,busks,cults,ducks,ducts,dumps,dusts,funds,gulfs,gusts,hulks,humps,hunts,jumps,lucks,lumps,mucks,musks,numbs,pulps,punts,rumps,tusks,bang,bing,bong,ding,dung,fang,gang,gong,hang,hung,king,long,mung,ping,pong,rang,ring,rung,sang,sing,song,sung,wend,wing,zing,bank,bonk,bunk,dank,dunk,fink,funk,junk,link,mink,pink,punk,rank,rink,sank,sink,sunk,tank,yank,zink,bash,cash,dash,dish,dosh,fish,gash,gosh,hash,hush,Josh,lash,lush,mash,mesh,mush,posh,rash,rush,wish,bangs,bongs,dings,fangs,gangs,hangs,kings,pings,rings,rungs,sings,songs,wings,banks,bonks,bunks,dunks,finks,junks,links,minks,monks,punks,ranks,rinks,sinks,tanks,yanks",""
"Warm up for r-Controlled prefixes","rag,ram,ran,rap,rat,red,ref,rep,rev,rib,rid,rig,rim,rip,rob,rod,rot,rub,rug,rum,run,rut","rag,ram,ran,rap,rat,red,ref,rep,rev,rib,rid,rig,rim,rip,rob,rod,rot,rub,rug,rum,run,rut"
"r-Controlled prefixes br, cr, fr, ...","brag,brad,brat,bran,crab,cram,crap,crank,crack,drag,drab,drat,grab,gram,prank,sprat,sprig,scrub,scrim,scruff,track,trap,tram,tramp,brim,bring,crib,drip,frill,grip,grim,grin,prim,prick,spring,sprint,strip,strip,string,spritz,trim,trip,bred,fret,prep,press,shred,trek,crept,crest,dress,Brent,trend,cress,crop,drop,frock,grog,prod,prof,prom,strong,trot,trod,broth,dross,frost,froth,front,frond,prompt,brush,crud,crush,drug,drum,grub,grunt,sprung,shrug,truck,trust,truss,trump,scrub,brunch,crumb,drunk","brag,brad,brat,bran,brass,broth,brick,crab,cram,crack,crash,cross,crush,drag,drab,drum,dress,drip,drop,drill,fresh,froth,frog,fret,grab,grub,gram,grill,grass,prick,prep,prom,press,track,trap,tram,trash,trip,trick,trot,truck,strap,stress,strip,strut,scrub,scram,scrap,shred,sprig,strum"
"Review 3","bred,fret,prep,press,shred,trek,crept,crest,dress,Brent,trend,cress,crop,drop,frock,grog,prod,prof,prom,strong,trot,trod,broth,dross,frost,froth,front,frond,prompt,brush,crud,crush,drug,drum,grub,grunt,sprung,shrug,truck,trust,truss,trump,scrub,brunch,crumb,drunk",""
"Prefix and suffix clusters","black,blank,bland,blast,clash,clasp,flank,flash,gland,plank,plant,scalp,scamp,slang,smack,snack,stamp,stand,stash,swank,swath,twang,splash,blunt,blush,clump,clung,flung,flunk,pluck,plumb,plump,plush,skunk,slump,slush,stump,stung,stuck,swung,blimp,clink,flick,flint,glint,glitz,pling,slick,slink,stick,splint,block,blond,click,clock,flock,smock,stock,thong,blest,cleft,slept,smelt,speck,spent,swept,blend","black,blank,bland,blast,blend,blush,block,clash,cleft,clasp,click,clink,clock,clump,clung,flank,flash,flick,flung,flock,gland,glint,plank,plant,plush,pluck,scalp,scamp,slang,slept,skunk,slink,smack,snack,spent,stamp,stump,stand,stash,stock,stick,swept,swank,swung,splash,slept,slump,slush,scalp,speck"
"Review 4","blimp,clink,flick,flint,glint,glitz,pling,slick,slink,stick,splint,block,blond,click,clock,flock,smock,stock,thong,blest,cleft,slept,smelt,speck,spent,swept,blend",""
"Digraphs qu, th, wh, squ, thr","broth,cloth,froth,quit,quick,quack,quill,quilt,quip,quad,math,moth,smith,square,squint,that,then,three,thick,think,this,thrush,thrift,thank,thump,thin,whack,whiff,whim,whip,with,wish,whiz","quick,quit,quiz,quilt,quill,quack,third,thirst,than,then,thank,that,them,theft,this,thud,thin,thick,thing,thumb,think,when,whip,whisk,which,whiz,whack,whim,whiff,squint,squid,squirt"
"Digraphs ch, tch, th, sh in suffix","branch,catch,patch,latch,match,ranch,snatch,path,math,ash,rash,bash,hash,cash,mash,splash,trash,slash,crash,clinch,ditch,filch,glitch,grinch,hitch,itch,pinch,pitch,linch,rich,switch,witch,which,winch,pith,stitch,fifth,sixth,dish,phish,swish,fish,Trish,wish,conch,notch,moth,sloth,troth,cloth,nosh,posh,splosh,broth,josh,slosh,froth,bench,fetch,quench,stretch,trench,sketch,depth,mesh,flesh,fresh,tech,bunch,clutch,crutch,crunch,hunch,lunch,punch,much,such,rush,mush,flush,crush,blush,hush,plush","such,trench,rich,bench,bunch,quench,crunch,lunch,grinch,which,hunch,punch,winch,pinch,clinch,latch,notch,switch,sketch,witch,fetch,match,ditch,crutch,hitch,snatch,pitch,clutch,stitch,stretch,stench,hatch,cinch,munchsack"
"Review 5","conch,notch,moth,sloth,troth,cloth,nosh,posh,splosh,broth,josh,slosh,froth,bench,fetch,quench,stretch,trench,sketch,depth,mesh,flesh,fresh,tech,bunch,clutch,crutch,crunch,hunch,lunch,punch,much,such,rush,mush,flush,crush,blush,hush,plush",""
"Digraphs in prefix","chum,clinch,chunk,chin,check,catch,chop,chest,chat,chill,chink,chip,chap,chick,chock,chuck,think,thing,thin,thump,them,throb,thrill,thrift,shod,shot,shop,sham,shut,ship,shin,shush,shrub,shrunk,shrimp,shrill,shrink,shrug","chunk,chuck,chill,chin,check,chest,chick,chip,chop,chat,chum,chunck,chink,chap,shrimp,shrink,shin,sham,shush,shrug,shut,shod,shot,ship,shop,shrug,shrub,shrink,shrunk,thrift,thing,think,thrill,throb,thump"
"Review 6","chum,clinch,chunk,chin,check,catch,chop,chest,chat,chill,chink,chip,chap,chick,chock,chuck,think,thing,thin,thump,them,throb,thrill,thrift,shod,shot,shop,sham,shut,ship,shin,shush,shrub,shrunk,shrimp,shrill,shrink,shrug",""
"Silent Prefix Clusters kn-, gn-, wr- ...","knot,knit,knack,knave,knee,knew,knight,knob,knock,know,gnat,gnaw,gnash,gnarl,gnome,gnu,wrack,wrap,wring,writ,wretch,wren,wrest,wrung","knot,knit,knack,knee,knew,knob,knock,gnat,gnash,gnarl,gnu,wrack,wrap,wring,writ,wretch,wren,wrest,wrung"
"a_e spelling of /ay/","rate,cane,bane,hate,mate,wade,tame,tape,fade,made,pane,rage,vane,bake,bale,bane,cage,cake,came,dame,daze,date,fade,fame,fate,gale,game,gate,haze,jade,kale,lake,late,male,mane,maze,page,pave,rake,rave,safe,sale,same,save","made,tape,pane,vane,cane,rage,bane,hate,mate,rate,mane,fade,gale,lane,same,pale"
"a_e spelling of /ay/ spinner","rate,cane,bane,hate,mate,wade,tame,tape,fade,made,pane,rage,vane,bake,bale,bane,cage,cake,came,dame,daze,date,fade,fame,fate,gale,game,gate,haze,jade,kale,lake,late,male,mane,maze,page,pave,rake,rave,safe,sale,same,save","wade,tame,bake,bale,cage,cake,came,dame,daze,date,fame,game,gate,haze,jade,kale,lake,late,male,maze,page,pave,rake,rave,safe,sale,save"
"a_e spelling of /ay/ harder","blade,blame,brake,brave,crate,craze,flame,frame,glade,glaze,grate,grave,graze,place,plane,plate,scale,scrape,shale,stale,shade,shake,shame,slate,slave,snake,spade,stage,state,trade,whale","blade,blame,brake,brave,crate,craze,flame,frame,glade,glaze,grate,grave,graze,place,plane,plate,scale,scrape,shale,stale,shade,shake,shame,slate,slave,snake,spade,stage,state,trade,whale"
"a_e spelling of /ay/ mixed","blade,blame,brake,brave,crate,craze,flame,frame,glade,glaze,grate,grave,graze,place,plane,plate,scale,scrape,shale,stale,shade,shake,shame,slate,slave,snake,spade,stage,state,trade,whale,rate,cane,bane,hate,mate,wade,tame,tape,fade,made,pane,rage,vane,bake,bale,bane,cage,cake,came,dame,daze,date,fade,fame,fate,gale,game,gate,haze,jade,kale,lake,late,male,mane,maze,page,pave,rake,rave,safe,sale,same,save","blade,blame,brake,brave,crate,craze,flame,frame,glade,glaze,grate,grave,graze,place,plane,plate,scale,scrape,shale,stale,shade,shake,shame,slate,slave,snake,spade,stage,state,trade,whale"
"Contrast a_e /ay/ and a /ah/","rate,cane,bane,hate,mate,wade,tame,tape,fade,made,pane,rage,vane,bake,bale,bane,cage,cake,came,dame,daze,date,fade,fame,fate,gale,game,gate,haze,jade,kale,lake,late,male,mane,maze,page,pave,rake,rave,safe,sale,same,save,bat,bag,bad,bass,dab,dad,Dan,fab,fad,fan,fat,fax,gab,gag,gap,gas,had,ham,hat,has,jab,jag,jam,jazz,lab,lag,lap,mad,man,map,mass,mat,max,nab,nag,nap,pad,Pam,pan,pass,pat,ram,ran,rap,rat,sad,sag,Sam,sat,tab,tag,tam,tan,tap,van,vat,wag,wax,zap","made,tape,bad,dab,cane,wag,hate,mate,rate,fax,fade,gale,lane,fade,wade,pan,jag,bale,cage,wax,lag,dame,daze,mate,rat,ran,gas,haze,jade,kale,sad,gab,pad,maze,page,pave,zap,has,fab,sale,lap,pat,blade,tab,ram,brave,sag,craze,van,fat,glade,glaze,pal,nag,graze,place,gap,sap,scale,scrape,shale,stale,sat,bat,jab,stage,trade,whale,rage"
"Review 7","rate,cane,bane,hate,mate,wade,tame,tape,fade,made,pane,rage,vane,bake,bale,bane,cage,cake,came,dame,daze,date,fade,fame,fate,gale,game,gate,haze,jade,kale,lake,late,male,mane,maze,page,pave,rake,rave,safe,sale,same,save,blade,blame,brake,brave,crate,craze,flame,frame,glade,glaze,grate,grave,graze,place,plane,plate,scale,scrape,shale,stale,shade,shake,shame,slate,slave,snake,spade,stage,state,trade,whale,bat,bag,bad,bass,dab,dad,Dan,fab,fad,fan,fat,fax,gab,gag,gap,gas,had,ham,hat,has,jab,jag,jam,jazz,lab,lag,lap,mad,man,map,mass,mat,max,nab,nag,nap,pad,Pam,pan,pass,pat,ram,ran,rap,rat,sad,sag,Sam,sat,tab,tag,tam,tan,tap,van,vat,wag,wax,zap",""
"i_e spelling of /igh/","bide,bike,bile,bite,cite,dice,dike,dime,dine,dire,dive,file,fine,fire,five,hide,hike,hire,hive,jive,kite,lice,life,lime,line,mice,Mike,mile,mime,mine,mire,mite,nice,nine,pike,pine,pipe,rice,ride,rile,ripe,rise,side,site,size,tide,tile,time,tire,vibe,vice,vile,wide,wife,wine,wipe,wire,wise","bide,ride,bite,dime,dine,fine,hide,kite,mite,pine,pipe,ripe,site,time,wine,shine,slide,slime,spine,spite,twine"
"i_e spelling of /igh/ harder","bribe,bride,brine,chide,chime,chive,drive,glide,gripe,pride,prize,shine,shire,shine,slice,slide,slime,smile,smite,snide,snipe,spice,spike,spine,spire,spite,stile,tribe,trike,tripe,trite,twine,whine,white,write,shrine,sprite,stride,strife,strike,stripe,strive,thrive","bribe,bride,brome,chide,chime,chive,drive,glide,gripe,pride,prize,shine,shire,slice,slide,slime,smile,smite,snide,snipe,spice,spike,spine,spire,spite,stile,tribe,trike,tripe,trote,twine,whine,white,write,shrine,sprite,stride,strife,strike,strive,thrive"
"i_e spelling of /igh/ mixed","bribe,bride,brine,chide,chime,chive,drive,glide,gripe,pride,prize,shine,shire,shine,slice,slide,slime,smile,smite,snide,snipe,spice,spike,spine,spire,spite,stile,tribe,trike,tripe,trite,twine,whine,white,write,shrine,sprite,stride,strife,strike,stripe,strive,thrive,bide,bike,bile,bite,cite,dice,dike,dime,dine,dire,dive,file,fine,fire,five,hide,hike,hire,hive,jive,kite,lice,life,lime,line,mice,Mike,mile,mime,mine,mire,mite,nice,nine,pike,pine,pipe,rice,ride,rile,ripe,rise,side,site,size,tide,tile,time,tire,vibe,vice,vile,wide,wife,wine,wipe,wire,wise","bribe,bride,brome,chide,chime,chive,drive,glide,gripe,pride,prize,shine,shire,slice,slide,slime,smile,smite,snide,snipe,spice,spike,spine,spire,spite,stile,tribe,trike,tripe,trote,twine,whine,white,write,shrine,sprite,stride,strife,strike,strive,thrive"
"Contrast i_e /igh/ and i /ih/","bide,bike,bile,bite,cite,dice,dike,dime,dine,dire,dive,file,fine,fire,five,hide,hike,hire,hive,jive,kite,lice,life,lime,line,mice,Mike,mile,mime,mine,mire,mite,nice,nine,pike,pine,pipe,rice,ride,rile,ripe,rise,side,site,size,tide,tile,time,tire,vibe,vice,vile,wide,wife,wine,wipe,wire,wise,bib,big,bid,Bill,bin,bit,dib,did,dig,dill,din,dim,diss,dip,fib,fin,fig,fill,fit,fix,fizz,gig,gill,hid,hill,him,hip,his,hiss,hit,jib,jig,Jim,jip,kid,kit,kiss,lid,lip,mid,miff,miss,mitt,mix,nip,nit,pill,pin,pit,pig,rib,rid,riff,rig,rim,rip,sid,sill,sin,sip,sis,sit,six,tiff,Tim,till,tin,tip,wig,will,wit,wiz,yip,zig,zip,zit","bike,bile,cite,dice,dike,dire,dive,file,fire,five,hike,hire,hive,jive,lice,life,lime,line,mice,Mike,mile,mime,mine,mire,mite,nice,nine,pike,rice,rile,rise,side,size,tide,tile,tire,vibe,vice,vile,wide,wife,wipe,wire,wise"
"Contrast a_e and i_e","bide,bike,bile,bite,cite,dice,dike,dime,dine,dire,dive,file,fine,fire,five,hide,hike,hire,hive,jive,kite,lice,life,lime,line,mice,Mike,mile,mime,mine,mire,mite,nice,nine,pike,pine,pipe,rice,ride,rile,ripe,rise,side,site,size,tide,tile,time,tire,vibe,vice,vile,wide,wife,wine,wipe,wire,wise,rate,cane,bane,hate,mate,wade,tame,tape,fade,made,pane,rage,vane,bake,bale,bane,cage,cake,came,dame,daze,date,fade,fame,fate,gale,game,gate,haze,jade,kale,lake,late,male,mane,maze,page,pave,rake,rave,safe,sale,same,save","bribe,bride,brine,chide,chime,chive,glide,gripe,pride,prize,shine,shire,slice,slide,slime,smite,snide,snipe,spike,spine,spite,stile,tribe,trike,tripe,trite,twine,whine,white,write,shrine,sprite,stride,strife,strike,stripe,strive,thrive,drive"
"Contrast a, a_e and i, i_e","bide,bike,bile,bite,cite,dice,dike,dime,dine,dire,dive,file,fine,fire,five,hide,hike,hire,hive,jive,kite,lice,life,lime,line,mice,Mike,mile,mime,mine,mire,mite,nice,nine,pike,pine,pipe,rice,ride,rile,ripe,rise,side,site,size,tide,tile,time,tire,vibe,vice,vile,wide,wife,wine,wipe,wire,wise,rate,cane,bane,hate,mate,wade,tame,tape,fade,made,pane,rage,vane,bake,bale,bane,cage,cake,came,dame,daze,date,fade,fame,fate,gale,game,gate,haze,jade,kale,lake,late,male,mane,maze,page,pave,rake,rave,safe,sale,same,save,bib,big,bid,Bill,bin,bit,dib,did,dig,dill,din,dim,diss,dip,fib,fin,fig,fill,fit,fix,fizz,gig,gill,hid,hill,him,hip,his,hiss,hit,jib,jig,Jim,jip,kid,kit,kiss,lid,lip,mid,miff,miss,mitt,mix,nip,nit,pill,pin,pit,pig,rib,rid,riff,rig,rim,rip,sid,sill,sin,sip,sis,sit,six,tiff,Tim,till,tin,tip,wig,will,wit,wiz,yip,zig,zip,zit,bat,bag,bad,bass,dab,dad,Dan,fab,fad,fan,fat,fax,gab,gag,gap,gas,had,ham,hat,has,jab,jag,jam,jazz,lab,lag,lap,mad,man,map,mass,mat,max,nab,nag,nap,pad,Pam,pan,pass,pat,ram,ran,rap,rat,sad,sag,Sam,sat,tab,tag,tam,tan,tap,van,vat,wag,wax,zap","bribe,bride,brine,chide,chime,chive,drive,glide,gripe,pride,prize,shine,shire,shine,slice,slide,slime,smile,smite,snide,snipe,spice,spike,spine,spire,spite,stile,tribe,trike,tripe,trite,twine,whine,white,shrine,sprite,stride,strife,strike,stripe,strive,thrive"
"Review 8","rate,cane,bane,hate,mate,wade,tame,tape,fade,made,pane,rage,vane,bake,bale,bane,cage,cake,came,dame,daze,date,fade,fame,fate,gale,game,gate,haze,jade,kale,lake,late,male,mane,maze,page,pave,rake,rave,safe,sale,same,save,bribe,bride,brine,chide,chime,chive,drive,glide,gripe,pride,prize,shine,shire,shine,slice,slide,slime,smile,smite,snide,snipe,spice,spike,spine,spire,spite,stile,tribe,trike,tripe,trite,twine,whine,white,write,shrine,sprite,stride,strife,strike,stripe,strive,thrive,blade,blame,brake,brave,crate,craze,flame,frame,glade,glaze,grate,grave,graze,place,plane,plate,scale,scrape,shale,stale,shade,shake,shame,slate,slave,snake,spade,stage,state,trade,whale",""
"o_e spelling of /oh/","bone,bore,code,coke,cone,core,cove,dole,come,dope,dose,dote,doze,fore,gore,hole,home,hone,hope,hose,hove,joke,lobe,lope,lore,mode,mole,mope,more,mote,node,nope,nose,note,poke,pole,pope,pore,pose,robe,rode,role,rope,rose,rote,rove,sole,sore,tone,tote,vole,vote,woke,wore,wove,yoke,zone","code,cone,fore,hope,lobe,lope,mode,mope,node,note,pope,robe,rode,rote"
"o_e spelling of /oh/ harder","broke,choke,chore,chose,clone,close,clove,crone,drone,drove,froze,glove,grope,phone,probe,prone,scone,scope,score,shone,shore,slope,smoke,stole,stone,store,swore,shole,wrote,chrome,throne,stroke,strode,strobe","broke,choke,chore,chose,clone,close,clove,crone,drone,drove,froze,glove,grope,phone,scone,scope,score,shone,shore,slope,smoke,stole,stone,store,swore,wrote,chrome,throne,stroke,strode,strobe"
"o_e spelling of /oh/ mixed","broke,choke,chore,chose,clone,close,clove,crone,drone,drove,froze,glove,grope,phone,probe,prone,scone,scope,score,shone,shore,slope,smoke,stole,stone,store,swore,shole,wrote,chrome,throne,stroke,strode,strobe,bone,bore,code,coke,cone,core,cove,dole,come,dope,dose,dote,doze,fore,gore,hole,home,hone,hope,hose,hove,joke,lobe,lope,lore,mode,mole,mope,more,mote,node,nope,nose,note,poke,pole,pope,pore,pose,robe,rode,role,rope,rose,rote,rove,sole,sore,tone,tote,vole,vote,woke,wore,wove,yoke,zone","broke,choke,chore,chose,clone,close,clove,crone,drone,drove,froze,glove,grope,phone,scone,scope,score,shone,shore,slope,smoke,stole,stone,store,swore,wrote,chrome,throne,stroke,strode,strobe"
"Contrast o_e /h/ and o /aw/","bone,bore,code,coke,cone,core,cove,dole,come,dope,dose,dote,doze,fore,gore,hole,home,hone,hope,hose,hove,joke,lobe,lope,lore,mode,mole,mope,more,mote,node,nope,nose,note,poke,pole,pope,pore,pose,robe,rode,role,rope,rose,rote,rove,sole,sore,tone,tote,vole,vote,woke,wore,wove,yoke,zone,Bob,bog,boss,bop,box,dog,doff,doll,don,dot,fob,fog,fop,fox,gob,God,got,hog,hop,hot,job,jog,jot,lob,log,lot,loss,mob,mod,mom,moss,mop,nod,non,not,pod,pop,pot,pox,rob,rod,Ron,rot,sob,sod,sop,tom,toss,top,tot","bone,bore,code,coke,cone,core,cove,dole,come,dope,dose,dote,doze,fore,gore,hole,home,hone,hope,hose,joke,lobe,lope,lore,mode,mole,mope,more,mote,node,nope,nose,note,poke,pole,pope,pore,pose,robe,rode,role,rope,rose,rote,rove,sole,sore,tone,tote,vole,vote,woke,wove,yoke,zone"
"Contrast a_e and o_e","bone,bore,code,coke,cone,core,cove,dole,come,dope,dose,dote,doze,fore,gore,hole,home,hone,hope,hose,hove,joke,lobe,lope,lore,mode,mole,mope,more,mote,node,nope,nose,note,poke,pole,pope,pore,pose,robe,rode,role,rope,rose,rote,rove,sole,sore,tone,tote,vole,vote,woke,wore,wove,yoke,zone,rate,cane,bane,hate,mate,wade,tame,tape,fade,made,pane,rage,vane,bake,bale,bane,cage,cake,came,dame,daze,date,fade,fame,fate,gale,game,gate,haze,jade,kale,lake,late,male,mane,maze,page,pave,rake,rave,safe,sale,same,save","broke,choke,chore,chose,clone,close,clove,crone,drone,drove,glove,grope,phone,probe,prone,scone,scope,score,shone,slope,smoke,stole,stone,store,swore,shole,wrote,chrome,throne,stroke,strode,strobe"
"Contrast a_e, i_e and o_e","bone,bore,code,coke,cone,core,cove,dole,come,dope,dose,dote,doze,fore,gore,hole,home,hone,hope,hose,hove,joke,lobe,lope,lore,mode,mole,mope,more,mote,node,nope,nose,note,poke,pole,pope,pore,pose,robe,rode,role,rope,rose,rote,rove,sole,sore,tone,tote,vole,vote,woke,wore,wove,yoke,zone,rate,cane,bane,hate,mate,wade,tame,tape,fade,made,pane,rage,vane,bake,bale,bane,cage,cake,came,dame,daze,date,fade,fame,fate,gale,game,gate,haze,jade,kale,lake,late,male,mane,maze,page,pave,rake,rave,safe,sale,same,save,bide,bike,bile,bite,cite,dice,dike,dime,dine,dire,dive,file,fine,fire,five,hide,hike,hire,hive,jive,kite,lice,life,lime,line,mice,Mike,mile,mime,mine,mire,mite,nice,nine,pike,pine,pipe,rice,ride,rile,ripe,rise,side,site,size,tide,tile,time,tire,vibe,vice,vile,wide,wife,wine,wipe,wire,wise","broke,choke,chore,chose,clone,close,clove,crone,drone,drove,froze,glove,grope,phone,scone,scope,score,shone,shore,slope,smoke,stole,stone,store,swore,wrote,chrome,throne,stroke,strode,strobe"
"Contrast a, a_e and o, o_e","bone,bore,code,coke,cone,core,cove,dole,come,dope,dose,dote,doze,fore,gore,hole,home,hone,hope,hose,hove,joke,lobe,lope,lore,mode,mole,mope,more,mote,node,nope,nose,note,poke,pole,pope,pore,pose,robe,rode,role,rope,rose,rote,rove,sole,sore,tone,tote,vole,vote,woke,wore,wove,yoke,zone,rate,cane,bane,hate,mate,wade,tame,tape,fade,made,pane,rage,vane,bake,bale,bane,cage,cake,came,dame,daze,date,fade,fame,fate,gale,game,gate,haze,jade,kale,lake,late,male,mane,maze,page,pave,rake,rave,safe,sale,same,save,Bob,bog,boss,bop,box,dog,doff,doll,don,dot,fob,fog,fop,fox,gob,God,got,hog,hop,hot,job,jog,jot,lob,log,lot,loss,mob,mod,mom,moss,mop,nod,non,not,pod,pop,pot,pox,rob,rod,Ron,rot,sob,sod,sop,tom,toss,top,tot,bat,bag,bad,bass,dab,dad,Dan,fab,fad,fan,fat,fax,gab,gag,gap,gas,had,ham,hat,has,jab,jag,jam,jazz,lab,lag,lap,mad,man,map,mass,mat,max,nab,nag,nap,pad,Pam,pan,pass,pat,ram,ran,rap,rat,sad,sag,Sam,sat,tab,tag,tam,tan,tap,van,vat,wag,wax,zap","broke,choke,chore,chose,clone,close,clove,crone,drone,drove,froze,glove,grope,phone,scone,scope,score,shone,shore,slope,smoke,stole,stone,store,swore,wrote,chrome,throne,stroke,strode,strobe"
"Contrast a, a_e, i, i_e, and o, o_e","bone,bore,code,coke,cone,core,cove,dole,come,dope,dose,dote,doze,fore,gore,hole,home,hone,hope,hose,hove,joke,lobe,lope,lore,mode,mole,mope,more,mote,node,nope,nose,note,poke,pole,pope,pore,pose,robe,rode,role,rope,rose,rote,rove,sole,sore,tone,tote,vole,vote,woke,wore,wove,yoke,zone,rate,cane,bane,hate,mate,wade,tame,tape,fade,made,pane,rage,vane,bake,bale,bane,cage,cake,came,dame,daze,date,fade,fame,fate,gale,game,gate,haze,jade,kale,lake,late,male,mane,maze,page,pave,rake,rave,safe,sale,same,save,bide,bike,bile,bite,cite,dice,dike,dime,dine,dire,dive,file,fine,fire,five,hide,hike,hire,hive,jive,kite,lice,life,lime,line,mice,Mike,mile,mime,mine,mire,mite,nice,nine,pike,pine,pipe,rice,ride,rile,ripe,rise,side,site,size,tide,tile,time,tire,vibe,vice,vile,wide,wife,wine,wipe,wire,wise,Bob,bog,boss,bop,box,dog,doff,doll,don,dot,fob,fog,fop,fox,gob,God,got,hog,hop,hot,job,jog,jot,lob,log,lot,loss,mob,mod,mom,moss,mop,nod,non,not,pod,pop,pot,pox,rob,rod,Ron,rot,sob,sod,sop,tom,toss,top,tot,bat,bag,bad,bass,dab,dad,Dan,fab,fad,fan,fat,fax,gab,gag,gap,gas,had,ham,hat,has,jab,jag,jam,jazz,lab,lag,lap,mad,man,map,mass,mat,max,nab,nag,nap,pad,Pam,pan,pass,pat,ram,ran,rap,rat,sad,sag,Sam,sat,tab,tag,tam,tan,tap,van,vat,wag,wax,zap,bib,big,bid,Bill,bin,bit,dib,did,dig,dill,din,dim,diss,dip,fib,fin,fig,fill,fit,fix,fizz,gig,gill,hid,hill,him,hip,his,hiss,hit,jib,jig,Jim,jip,kid,kit,kiss,lid,lip,mid,miff,miss,mitt,mix,nip,nit,pill,pin,pit,pig,rib,rid,riff,rig,rim,rip,sid,sill,sin,sip,sis,sit,six,tiff,Tim,till,tin,tip,wig,will,wit,wiz,yip,zig,zip,zit","broke,choke,chore,chose,clone,close,clove,crone,drone,drove,froze,glove,grope,phone,scone,scope,score,shone,shore,slope,smoke,stole,stone,store,swore,wrote,chrome,throne,stroke,strode,strobe"
"Review 9","blade,blame,brake,brave,crate,craze,flame,frame,glade,glaze,grate,grave,graze,place,plane,plate,scale,scrape,shale,stale,shade,shake,shame,slate,slave,snake,spade,stage,state,trade,whale,Bob,bog,boss,bop,box,dog,doff,doll,don,dot,fob,fog,fop,fox,gob,God,got,hog,hop,hot,job,jog,jot,lob,log,lot,loss,mob,mod,mom,moss,mop,nod,non,not,pod,pop,pot,pox,rob,rod,Ron,rot,sob,sod,sop,tom,toss,top,tot,bat,bag,bad,bass,dab,dad,Dan,fab,fad,fan,fat,fax,gab,gag,gap,gas,had,ham,hat,has,jab,jag,jam,jazz,lab,lag,lap,mad,man,map,mass,mat,max,nab,nag,nap,pad,Pam,pan,pass,pat,ram,ran,rap,rat,sad,sag,Sam,sat,tab,tag,tam,tan,tap,van,vat,wag,wax,zap",""
"u_e spelling of /ue/","cube,cure,cute,dude,duke,dune,dupe,fume,fuse,huge,jute,lube,luge,lure,lute,mule,muse,mute,nuke,puke,pure,rude,rule,sure,tube,tune,brute,chute,crude,fluke,flute,plume,prude,prune,truce","cube,cure,cute,dude,duke,dune,dupe,fume,fuse,huge,jute,lube,luge,lure,lute,mule,muse,mute,nuke,puke,pure,rude,rule,sure,tube,tune,brute,chute,crude,fluke,flute,plume,prude,prune,truce"
"Contrast u_e /ue/ and u /uh/","cube,cure,cute,dude,duke,dune,dupe,fume,fuse,huge,jute,lube,luge,lure,lute,mule,muse,mute,nuke,puke,pure,rude,rule,sure,tube,tune,brute,chute,crude,fluke,flute,plume,prude,prune,truce,bud,buff,bug,bum,bun,but,butt,bus,buzz,dub,dud,duff,dug,dun,fun,fuzz,hub,huff,hull,hug,hut,hum,jug,jut,lug,mud,muff,mug,mum,muss,nub,nun,nut,pub,puff,pug,pun,putt,pup,pus,run,ruff,rug,rut,sub,sum,sun,sup,tub,tug,tut,tux","cube,cure,cute,dude,duke,dune,dupe,fume,fuse,huge,jute,lube,luge,lure,lute,mule,muse,mute,nuke,puke,pure,rude,rule,sure,tube,tune,brute,chute,crude,fluke,flute,plume,prude,prune,truce"
"Contrast i_e and u_e","cube,cure,cute,dude,duke,dune,dupe,fume,fuse,huge,jute,lube,luge,lure,lute,mule,muse,mute,nuke,puke,pure,rude,rule,sure,tube,tune,brute,chute,crude,fluke,flute,plume,prude,prune,truce,bide,bike,bile,bite,cite,dice,dike,dime,dine,dire,dive,file,fine,fire,five,hide,hike,hire,hive,jive,kite,lice,life,lime,line,mice,Mike,mile,mime,mine,mire,mite,nice,nine,pike,pine,pipe,rice,ride,rile,ripe,rise,side,site,size,tide,tile,time,tire,vibe,vice,vile,wide,wife,wine,wipe,wire,wise,bribe,bride,brine,chide,chime,chive,drive,glide,gripe,pride,prize,shine,shire,shine,slice,slide,slime,smile,smite,snide,snipe,spice,spike,spine,spire,spite,stile,tribe,trike,tripe,trite,twine,whine,white,write,shrine,sprite,stride,strife,strike,stripe,strive,thrive","cube,cure,cute,dude,duke,dune,dupe,fume,fuse,huge,jute,lube,luge,lure,lute,mule,muse,mute,nuke,puke,pure,rude,rule,sure,tube,tune,brute,chute,crude,fluke,flute,plume,prude,prune,truce"
"Contrast i_e, i, u_e, and u","bide,bike,bile,bite,cite,dice,dike,dime,dine,dire,dive,file,fine,fire,five,hide,hike,hire,hive,jive,kite,lice,life,lime,line,mice,Mike,mile,mime,mine,mire,mite,nice,nine,pike,pine,pipe,rice,ride,rile,ripe,rise,side,site,size,tide,tile,time,tire,vibe,vice,vile,wide,wife,wine,wipe,wire,wise,bribe,bride,brine,chide,chime,chive,drive,glide,gripe,pride,prize,shine,shire,shine,slice,slide,slime,smile,smite,snide,snipe,spice,spike,spine,spire,spite,stile,tribe,trike,tripe,trite,twine,whine,white,write,shrine,sprite,stride,strife,strike,stripe,strive,thrive,cube,cure,cute,dude,duke,dune,dupe,fume,fuse,huge,jute,lube,luge,lure,lute,mule,muse,mute,nuke,puke,pure,rude,rule,sure,tube,tune,brute,chute,crude,fluke,flute,plume,prude,prune,truce,bib,big,bid,Bill,bin,bit,dib,did,dig,dill,din,dim,diss,dip,fib,fin,fig,fill,fit,fix,fizz,gig,gill,hid,hill,him,hip,his,hiss,hit,jib,jig,Jim,jip,kid,kit,kiss,lid,lip,mid,miff,miss,mitt,mix,nip,nit,pill,pin,pit,pig,rib,rid,riff,rig,rim,rip,sid,sill,sin,sip,sis,sit,six,tiff,Tim,till,tin,tip,wig,will,wit,wiz,yip,zig,zip,zit,bud,buff,bug,bum,bun,but,butt,bus,buzz,dub,dud,duff,dug,dun,fun,fuzz,hub,huff,hull,hug,hut,hum,jug,jut,lug,mud,muff,mug,mum,muss,nub,nun,nut,pub,puff,pug,pun,putt,pup,pus,run,ruff,rug,rut,sub,sum,sun,sup,tub,tug,tut,tux","cube,cure,cute,dude,duke,dune,dupe,fume,fuse,huge,jute,lube,luge,lure,lute,mule,muse,mute,nuke,puke,pure,rude,rule,sure,tube,tune,brute,chute,crude,fluke,flute,plume,prude,prune,truce"
"Contrast o_e and u_e","cube,cure,cute,dude,duke,dune,dupe,fume,fuse,huge,jute,lube,luge,lure,lute,mule,muse,mute,nuke,puke,pure,rude,rule,sure,tube,tune,brute,chute,crude,fluke,flute,plume,prude,prune,truce,bone,bore,code,coke,cone,core,cove,dole,come,dope,dose,dote,doze,fore,gore,hole,home,hone,hope,hose,hove,joke,lobe,lope,lore,mode,mole,mope,more,mote,node,nope,nose,note,poke,pole,pope,pore,pose,robe,rode,role,rope,rose,rote,rove,sole,sore,tone,tote,vole,vote,woke,wore,wove,yoke,zone,broke,choke,chore,chose,clone,close,clove,crone,drone,drove,froze,glove,grope,phone,probe,prone,scone,scope,score,shone,shore,slope,smoke,stole,stone,store,swore,shole,wrote,chrome,throne,stroke,strode,strobe","cube,cure,cute,dude,duke,dune,dupe,fume,fuse,huge,jute,lube,luge,lure,lute,mule,muse,mute,nuke,puke,pure,rude,rule,sure,tube,tune,brute,chute,crude,fluke,flute,plume,prude,prune,truce"
"Contrast o_e, o, u_e and u","bone,bore,code,coke,cone,core,cove,dole,come,dope,dose,dote,doze,fore,gore,hole,home,hone,hope,hose,hove,joke,lobe,lope,lore,mode,mole,mope,more,mote,node,nope,nose,note,poke,pole,pope,pore,pose,robe,rode,role,rope,rose,rote,rove,sole,sore,tone,tote,vole,vote,woke,wore,wove,yoke,zone,broke,choke,chore,chose,clone,close,clove,crone,drone,drove,froze,glove,grope,phone,probe,prone,scone,scope,score,shone,shore,slope,smoke,stole,stone,store,swore,shole,wrote,chrome,throne,stroke,strode,strobe,cube,cure,cute,dude,duke,dune,dupe,fume,fuse,huge,jute,lube,luge,lure,lute,mule,muse,mute,nuke,puke,pure,rude,rule,sure,tube,tune,brute,chute,crude,fluke,flute,plume,prude,prune,truce,Bob,bog,boss,bop,box,dog,doff,doll,don,dot,fob,fog,fop,fox,gob,God,got,hog,hop,hot,job,jog,jot,lob,log,lot,loss,mob,mod,mom,moss,mop,nod,non,not,pod,pop,pot,pox,rob,rod,Ron,rot,sob,sod,sop,tom,toss,top,tot,bud,buff,bug,bum,bun,but,butt,bus,buzz,dub,dud,duff,dug,dun,fun,fuzz,hub,huff,hull,hug,hut,hum,jug,jut,lug,mud,muff,mug,mum,muss,nub,nun,nut,pub,puff,pug,pun,putt,pup,pus,run,ruff,rug,rut,sub,sum,sun,sup,tub,tug,tut,tux","cube,cure,cute,dude,duke,dune,dupe,fume,fuse,huge,jute,lube,luge,lure,lute,mule,muse,mute,nuke,puke,pure,rude,rule,sure,tube,tune,brute,chute,crude,fluke,flute,plume,prude,prune,truce"
"Contrast a, a_e, i, i_e, o, o_e, and u, u_e spellings","bone,bore,code,coke,cone,core,cove,dole,come,dope,dose,dote,doze,fore,gore,hole,home,hone,hope,hose,hove,joke,lobe,lope,lore,mode,mole,mope,more,mote,node,nope,nose,note,poke,pole,pope,pore,pose,robe,rode,role,rope,rose,rote,rove,sole,sore,tone,tote,vole,vote,woke,wore,wove,yoke,zone,rate,cane,bane,hate,mate,wade,tame,tape,fade,made,pane,rage,vane,bake,bale,bane,cage,cake,came,dame,daze,date,fade,fame,fate,gale,game,gate,haze,jade,kale,lake,late,male,mane,maze,page,pave,rake,rave,safe,sale,same,save,bide,bike,bile,bite,cite,dice,dike,dime,dine,dire,dive,file,fine,fire,five,hide,hike,hire,hive,jive,kite,lice,life,lime,line,mice,Mike,mile,mime,mine,mire,mite,nice,nine,pike,pine,pipe,rice,ride,rile,ripe,rise,side,site,size,tide,tile,time,tire,vibe,vice,vile,wide,wife,wine,wipe,wire,wise,broke,choke,chore,chose,clone,close,clove,crone,drone,drove,froze,glove,grope,phone,probe,prone,scone,scope,score,shone,shore,slope,smoke,stole,stone,store,swore,shole,wrote,chrome,throne,stroke,strode,strobe,blade,blame,brake,brave,crate,craze,flame,frame,glade,glaze,grate,grave,graze,place,plane,plate,scale,scrape,shale,stale,shade,shake,shame,slate,slave,snake,spade,stage,state,trade,whale,bribe,bride,brine,chide,chime,chive,drive,glide,gripe,pride,prize,shine,shire,shine,slice,slide,slime,smile,smite,snide,snipe,spice,spike,spine,spire,spite,stile,tribe,trike,tripe,trite,twine,whine,white,write,shrine,sprite,stride,strife,strike,stripe,strive,thrive,cube,cure,cute,dude,duke,dune,dupe,fume,fuse,huge,jute,lube,luge,lure,lute,mule,muse,mute,nuke,puke,pure,rude,rule,sure,tube,tune,brute,chute,crude,fluke,flute,plume,prude,prune,truce,Bob,bog,boss,bop,box,dog,doff,doll,don,dot,fob,fog,fop,fox,gob,God,got,hog,hop,hot,job,jog,jot,lob,log,lot,loss,mob,mod,mom,moss,mop,nod,non,not,pod,pop,pot,pox,rob,rod,Ron,rot,sob,sod,sop,tom,toss,top,tot,bat,bag,bad,bass,dab,dad,Dan,fab,fad,fan,fat,fax,gab,gag,gap,gas,had,ham,hat,has,jab,jag,jam,jazz,lab,lag,lap,mad,man,map,mass,mat,max,nab,nag,nap,pad,Pam,pan,pass,pat,ram,ran,rap,rat,sad,sag,Sam,sat,tab,tag,tam,tan,tap,van,vat,wag,wax,zap,bib,big,bid,Bill,bin,bit,dib,did,dig,dill,din,dim,diss,dip,fib,fin,fig,fill,fit,fix,fizz,gig,gill,hid,hill,him,hip,his,hiss,hit,jib,jig,Jim,jip,kid,kit,kiss,lid,lip,mid,miff,miss,mitt,mix,nip,nit,pill,pin,pit,pig,rib,rid,riff,rig,rim,rip,sid,sill,sin,sip,sis,sit,six,tiff,Tim,till,tin,tip,wig,will,wit,wiz,yip,zig,zip,zit,bib,big,bid,Bill,bin,bit,dib,did,dig,dill,din,dim,diss,dip,fib,fin,fig,fill,fit,fix,fizz,gig,gill,hid,hill,him,hip,his,hiss,hit,jib,jig,Jim,jip,kid,kit,kiss,lid,lip,mid,miff,miss,mitt,mix,nip,nit,pill,pin,pit,pig,rib,rid,riff,rig,rim,rip,sid,sill,sin,sip,sis,sit,six,tiff,Tim,till,tin,tip,wig,will,wit,wiz,yip,zig,zip,zit","cube,cure,cute,dude,duke,dune,dupe,fume,fuse,huge,jute,lube,luge,lure,lute,mule,muse,mute,nuke,puke,pure,rude,rule,sure,tube,tune,brute,chute,crude,fluke,flute,plume,prude,prune,truce"
"Review 10","cube,cure,cute,dude,duke,dune,dupe,fume,fuse,huge,jute,lube,luge,lure,lute,mule,muse,mute,nuke,puke,pure,rude,rule,sure,tube,tune,brute,chute,crude,fluke,flute,plume,prude,prune,truce,bone,bore,code,coke,cone,core,cove,dole,come,dope,dose,dote,doze,fore,gore,hole,home,hone,hope,hose,hove,joke,lobe,lope,lore,mode,mole,mope,more,mote,node,nope,nose,note,poke,pole,pope,pore,pose,robe,rode,role,rope,rose,rote,rove,sole,sore,tone,tote,vole,vote,woke,wore,wove,yoke,zone,broke,choke,chore,chose,clone,close,clove,crone,drone,drove,froze,glove,grope,phone,probe,prone,scone,scope,score,shone,shore,slope,smoke,stole,stone,store,swore,shole,wrote,chrome,throne,stroke,strode,strobe",""
"e_e spelling of /ee/","cede,gene,mete,grebe,plebe,scene,swede,theme,these,scheme","cede,gene,mete,grebe,plebe,scene,swede,theme,these,scheme"
"Contrast e_e /ee/ and e /eh/","cede,gene,mete,grebe,plebe,scene,swede,theme,these,scheme,bed,bell,Ben,Bess,bet,beg,den,fed,fen,fez,gem,gel,hen,hex,jet,led,leg,let,less,Meg,men,met,mess,Ned,net,pen,peg,pet,set,sell,ten,Tess,tell,vet,web,wed,well,wet","cede,gene,mete,grebe,plebe,scene,swede,theme,these,scheme"
"Contrast a_e and e_e","cede,gene,mete,grebe,plebe,scene,swede,theme,these,scheme,rate,cane,bane,hate,mate,wade,tame,tape,fade,made,pane,rage,vane,bake,bale,bane,cage,cake,came,dame,daze,date,fade,fame,fate,gale,game,gate,haze,jade,kale,lake,late,male,mane,maze,page,pave,rake,rave,safe,sale,same,save,blade,blame,brake,brave,crate,craze,flame,frame,glade,glaze,grate,grave,graze,place,plane,plate,scale,scrape,shale,stale,shade,shake,shame,slate,slave,snake,spade,stage,state,trade,whale","cede,gene,mete,grebe,plebe,scene,swede,theme,these,scheme"
"Contrast i_e, i, e_e, and e","bide,bike,bile,bite,cite,dice,dike,dime,dine,dire,dive,file,fine,fire,five,hide,hike,hire,hive,jive,kite,lice,life,lime,line,mice,Mike,mile,mime,mine,mire,mite,nice,nine,pike,pine,pipe,rice,ride,rile,ripe,rise,side,site,size,tide,tile,time,tire,vibe,vice,vile,wide,wife,wine,wipe,wire,wise,bribe,bride,brine,chide,chime,chive,drive,glide,gripe,pride,prize,shine,shire,shine,slice,slide,slime,smile,smite,snide,snipe,spice,spike,spine,spire,spite,stile,tribe,trike,tripe,trite,twine,whine,white,write,shrine,sprite,stride,strife,strike,stripe,strive,thrive,cede,gene,mete,grebe,plebe,scene,swede,theme,these,scheme,bib,big,bid,Bill,bin,bit,dib,did,dig,dill,din,dim,diss,dip,fib,fin,fig,fill,fit,fix,fizz,gig,gill,hid,hill,him,hip,his,hiss,hit,jib,jig,Jim,jip,kid,kit,kiss,lid,lip,mid,miff,miss,mitt,mix,nip,nit,pill,pin,pit,pig,rib,rid,riff,rig,rim,rip,sid,sill,sin,sip,sis,sit,six,tiff,Tim,till,tin,tip,wig,will,wit,wiz,yip,zig,zip,zit,bed,bell,Ben,Bess,bet,beg,den,fed,fen,fez,gem,gel,hen,hex,jet,led,leg,let,less,Meg,men,met,mess,Ned,net,pen,peg,pet,set,sell,ten,Tess,tell,vet,web,wed,well,wet","bide,bike,bile,bite,cite,dice,dike,dime,dine,dire,dive,file,fine,fire,five,hide,hike,hire,hive,jive,kite,lice,life,lime,line,mice,Mike,mile,mime,mine,mire,mite,nice,nine,pike,pine,pipe,rice,ride,rile,ripe,rise,side,site,size,tide,tile,time,tire,vibe,vice,vile,wide,wife,wine,wipe,wire,wise"
"Contrast o_e, o, e_e, and e","bone,bore,code,coke,cone,core,cove,dole,come,dope,dose,dote,doze,fore,gore,hole,home,hone,hope,hose,hove,joke,lobe,lope,lore,mode,mole,mope,more,mote,node,nope,nose,note,poke,pole,pope,pore,pose,robe,rode,role,rope,rose,rote,rove,sole,sore,tone,tote,vole,vote,woke,wore,wove,yoke,zone,broke,choke,chore,chose,clone,close,clove,crone,drone,drove,froze,glove,grope,phone,probe,prone,scone,scope,score,shone,shore,slope,smoke,stole,stone,store,swore,shole,wrote,chrome,throne,stroke,strode,strobe,cede,gene,mete,grebe,plebe,scene,swede,theme,these,scheme,Bob,bog,boss,bop,box,dog,doff,doll,don,dot,fob,fog,fop,fox,gob,God,got,hog,hop,hot,job,jog,jot,lob,log,lot,loss,mob,mod,mom,moss,mop,nod,non,not,pod,pop,pot,pox,rob,rod,Ron,rot,sob,sod,sop,tom,toss,top,tot,bed,bell,Ben,Bess,bet,beg,den,fed,fen,fez,gem,gel,hen,hex,jet,led,leg,let,less,Meg,men,met,mess,Ned,net,pen,peg,pet,set,sell,ten,Tess,tell,vet,web,wed,well,wet","bone,bore,code,coke,cone,core,cove,dole,come,dope,dose,dote,doze,fore,gore,hole,home,hone,hope,hose,hove,joke,lobe,lope,lore,mode,mole,mope,more,note,nose,poke,pole,pope,pore,pose,robe,rode,role,rope,rose,rote,rove,sole,sore,tone,tote,vole,vote,woke,wore,wove,yoke,zone"
"Review all ?_e spellings","bone,bore,code,coke,cone,core,cove,dole,come,dope,dose,dote,doze,fore,gore,hole,home,hone,hope,hose,hove,joke,lobe,lope,lore,mode,mole,mope,more,mote,node,nope,nose,note,poke,pole,pope,pore,pose,robe,rode,role,rope,rose,rote,rove,sole,sore,tone,tote,vole,vote,woke,wore,wove,yoke,zone,rate,cane,bane,hate,mate,wade,tame,tape,fade,made,pane,rage,vane,bake,bale,bane,cage,cake,came,dame,daze,date,fade,fame,fate,gale,game,gate,haze,jade,kale,lake,late,male,mane,maze,page,pave,rake,rave,safe,sale,same,save,bide,bike,bile,bite,cite,dice,dike,dime,dine,dire,dive,file,fine,fire,five,hide,hike,hire,hive,jive,kite,lice,life,lime,line,mice,Mike,mile,mime,mine,mire,mite,nice,nine,pike,pine,pipe,rice,ride,rile,ripe,rise,side,site,size,tide,tile,time,tire,vibe,vice,vile,wide,wife,wine,wipe,wire,wise,broke,choke,chore,chose,clone,close,clove,crone,drone,drove,froze,glove,grope,phone,probe,prone,scone,scope,score,shone,shore,slope,smoke,stole,stone,store,swore,shole,wrote,chrome,throne,stroke,strode,strobe,blade,blame,brake,brave,crate,craze,flame,frame,glade,glaze,grate,grave,graze,place,plane,plate,scale,scrape,shale,stale,shade,shake,shame,slate,slave,snake,spade,stage,state,trade,whale,bribe,bride,brine,chide,chime,chive,drive,glide,gripe,pride,prize,shine,shire,shine,slice,slide,slime,smile,smite,snide,snipe,spice,spike,spine,spire,spite,stile,tribe,trike,tripe,trite,twine,whine,white,write,shrine,sprite,stride,strife,strike,stripe,strive,thrive,cube,cure,cute,dude,duke,dune,dupe,fume,fuse,huge,jute,lube,luge,lure,lute,mule,muse,mute,nuke,puke,pure,rude,rule,sure,tube,tune,brute,chute,crude,fluke,flute,plume,prude,prune,truce,cede,gene,mete,grebe,plebe,scene,swede,theme,these,scheme",""
"Review all long and short spellings","bone,bore,code,coke,cone,core,cove,dole,come,dope,dose,dote,doze,fore,gore,hole,home,hone,hope,hose,hove,joke,lobe,lope,lore,mode,mole,mope,more,mote,node,nope,nose,note,poke,pole,pope,pore,pose,robe,rode,role,rope,rose,rote,rove,sole,sore,tone,tote,vole,vote,woke,wore,wove,yoke,zone,rate,cane,bane,hate,mate,wade,tame,tape,fade,made,pane,rage,vane,bake,bale,bane,cage,cake,came,dame,daze,date,fade,fame,fate,gale,game,gate,haze,jade,kale,lake,late,male,mane,maze,page,pave,rake,rave,safe,sale,same,save,bide,bike,bile,bite,cite,dice,dike,dime,dine,dire,dive,file,fine,fire,five,hide,hike,hire,hive,jive,kite,lice,life,lime,line,mice,Mike,mile,mime,mine,mire,mite,nice,nine,pike,pine,pipe,rice,ride,rile,ripe,rise,side,site,size,tide,tile,time,tire,vibe,vice,vile,wide,wife,wine,wipe,wire,wise,broke,choke,chore,chose,clone,close,clove,crone,drone,drove,froze,glove,grope,phone,probe,prone,scone,scope,score,shone,shore,slope,smoke,stole,stone,store,swore,shole,wrote,chrome,throne,stroke,strode,strobe,blade,blame,brake,brave,crate,craze,flame,frame,glade,glaze,grate,grave,graze,place,plane,plate,scale,scrape,shale,stale,shade,shake,shame,slate,slave,snake,spade,stage,state,trade,whale,bribe,bride,brine,chide,chime,chive,drive,glide,gripe,pride,prize,shine,shire,shine,slice,slide,slime,smile,smite,snide,snipe,spice,spike,spine,spire,spite,stile,tribe,trike,tripe,trite,twine,whine,white,write,shrine,sprite,stride,strife,strike,stripe,strive,thrive,cede,gene,mete,grebe,plebe,scene,swede,theme,these,scheme,cube,cure,cute,dude,duke,dune,dupe,fume,fuse,huge,jute,lube,luge,lure,lute,mule,muse,mute,nuke,puke,pure,rude,rule,sure,tube,tune,brute,chute,crude,fluke,flute,plume,prude,prune,truce,Bob,bog,boss,bop,box,dog,doff,doll,don,dot,fob,fog,fop,fox,gob,God,got,hog,hop,hot,job,jog,jot,lob,log,lot,loss,mob,mod,mom,moss,mop,nod,non,not,pod,pop,pot,pox,rob,rod,Ron,rot,sob,sod,sop,tom,toss,top,tot,bat,bag,bad,bass,dab,dad,Dan,fab,fad,fan,fat,fax,gab,gag,gap,gas,had,ham,hat,has,jab,jag,jam,jazz,lab,lag,lap,mad,man,map,mass,mat,max,nab,nag,nap,pad,Pam,pan,pass,pat,ram,ran,rap,rat,sad,sag,Sam,sat,tab,tag,tam,tan,tap,van,vat,wag,wax,zap,bud,buff,bug,bum,bun,but,butt,bus,buzz,dub,dud,duff,dug,dun,fun,fuzz,hub,huff,hull,hug,hut,hum,jug,jut,lug,mud,muff,mug,mum,muss,nub,nun,nut,pub,puff,pug,pun,putt,pup,pus,run,ruff,rug,rut,sub,sum,sun,sup,tub,tug,tut,tux,bed,bell,Ben,Bess,bet,beg,den,fed,fen,fez,gem,gel,hen,hex,jet,led,leg,let,less,Meg,men,met,mess,Ned,net,pen,peg,pet,set,sell,ten,Tess,tell,vet,web,wed,well,wet,bib,big,bid,Bill,bin,bit,dib,did,dig,dill,din,dim,diss,dip,fib,fin,fig,fill,fit,fix,fizz,gig,gill,hid,hill,him,hip,his,hiss,hit,jib,jig,Jim,jip,kid,kit,kiss,lid,lip,mid,miff,miss,mitt,mix,nip,nit,pill,pin,pit,pig,rib,rid,riff,rig,rim,rip,sid,sill,sin,sip,sis,sit,six,tiff,Tim,till,tin,tip,wig,will,wit,wiz,yip,zig,zip,zit",""
"Review 11","bribe,bride,brine,chide,chime,chive,drive,glide,gripe,pride,prize,shine,shire,shine,slice,slide,slime,smile,smite,snide,snipe,spice,spike,spine,spire,spite,stile,tribe,trike,tripe,trite,twine,whine,white,write,shrine,sprite,stride,strife,strike,stripe,strive,thrive,cube,cure,cute,dude,duke,dune,dupe,fume,fuse,huge,jute,lube,luge,lure,lute,mule,muse,mute,nuke,puke,pure,rude,rule,sure,tube,tune,brute,chute,crude,fluke,flute,plume,prude,prune,truce,cede,gene,mete,grebe,plebe,scene,swede,theme,these,scheme",""
"Digraphs (dge,nge)","badge,budge,bridge,binge,dodge,drudge,dredge,edge,fridge,fudge,fringe,grudge,hedge,hinge,judge,lodge,ledge,lunge,Midge,pudge,pledge,plunge,sludge,range,trudge,wedge","badge,budge,bridge,binge,cringe,change,dodge,drudge,dredge,edge,fridge,fudge,fringe,grudge,hedge,hinge,judge,lodge,ledge,lunge,midge,pudge,pledge,plunge,sludge,range,trudge,wedge"
"Digraphs nce","dance,dunce,fence,hence,mince,pence,since,vince,wince,chance,glance,prance,trance,stance,quince,prince","dance,dunce,fence,hence,mince,pence,since,vince,wince,chance,glance,prance,trance,stance,quince,prince"
"Review 12","cede,gene,mete,grebe,plebe,scene,swede,theme,these,scheme,badge,budge,bridge,binge,dodge,drudge,dredge,edge,fridge,fudge,fringe,grudge,hedge,hinge,judge,lodge,ledge,lunge,Midge,pudge,pledge,plunge,sludge,range,trudge,wedge,dance,dunce,fence,hence,mince,pence,since,vince,wince,chance,glance,prance,trance,stance,quince,prince",""
"Review Digraphs and ?_e","rate,cane,bane,hate,mate,wade,tame,tape,fade,made,pane,rage,vane,bake,bale,bane,cage,cake,came,dame,daze,date,fade,fame,fate,gale,game,gate,haze,jade,kale,lake,late,male,mane,maze,page,pave,rake,rave,safe,sale,same,save,bide,bike,bile,bite,cite,dice,dike,dime,dine,dire,dive,file,fine,fire,five,hide,hike,hire,hive,jive,kite,lice,life,lime,line,mice,Mike,mile,mime,mine,mire,mite,nice,nine,pike,pine,pipe,rice,ride,rile,ripe,rise,side,site,size,tide,tile,time,tire,vibe,vice,vile,wide,wife,wine,wipe,wire,wise,bone,bore,code,coke,cone,core,cove,dole,come,dope,dose,dote,doze,fore,gore,hole,home,hone,hope,hose,hove,joke,lobe,lope,lore,mode,mole,mope,more,mote,node,nope,nose,note,poke,pole,pope,pore,pose,robe,rode,role,rope,rose,rote,rove,sole,sore,tone,tote,vole,vote,woke,wore,wove,yoke,zone,blade,blame,brake,brave,crate,craze,flame,frame,glade,glaze,grate,grave,graze,place,plane,plate,scale,scrape,shale,stale,shade,shake,shame,slate,slave,snake,spade,stage,state,trade,whale,bribe,bride,brine,chide,chime,chive,drive,glide,gripe,pride,prize,shine,shire,shine,slice,slide,slime,smile,smite,snide,snipe,spice,spike,spine,spire,spite,stile,tribe,trike,tripe,trite,twine,whine,white,write,shrine,sprite,stride,strife,strike,stripe,strive,thrive,broke,choke,chore,chose,clone,close,clove,crone,drone,drove,froze,glove,grope,phone,probe,prone,scone,scope,score,shone,shore,slope,smoke,stole,stone,store,swore,shole,wrote,chrome,throne,stroke,strode,strobe,cube,cure,cute,dude,duke,dune,dupe,fume,fuse,huge,jute,lube,luge,lure,lute,mule,muse,mute,nuke,puke,pure,rude,rule,sure,tube,tune,brute,chute,crude,fluke,flute,plume,prude,prune,truce,cede,gene,mete,grebe,plebe,scene,swede,theme,these,scheme",""
"Review 13","cede,gene,mete,grebe,plebe,scene,swede,theme,these,scheme,badge,budge,bridge,binge,dodge,drudge,dredge,edge,fridge,fudge,fringe,grudge,hedge,hinge,judge,lodge,ledge,lunge,Midge,pudge,pledge,plunge,sludge,range,trudge,wedge,dance,dunce,fence,hence,mince,pence,since,vince,wince,chance,glance,prance,trance,stance,quince,prince",""
"Suffix -ed and -ing","baked,baking,cared,caring,chased,chasing,dared,daring,dined,dining,hiked,hiking,hoped,hoping,lived,living,loved,loving,raced,racing,raged,raging,traded,trading,used,using","baked,baking,cared,caring,chased,chasing,dared,daring,dined,dining,hiked,hiking,hoped,hoping,lived,living,loved,loving,raced,racing,raged,raging,traded,trading,used,using"
"VCCV","turnip,picnic,basket,helmet,upset,subject,contact,campus,submit,velvet,napkin,contest,dentist,plastic,mascot,trumpet,combat,bandit,absent,insect,confess,until,cactus,witness,suspend,invent,publish,admit,insist,selfish,content,magnet,conduct,compact,expect,object,impact,rusty,grumpy,fancy,windy,candy,fabric,goblet,suspect,convict,induct,infect,transact,album,musket,muffin,puppy,tennis","rabbit,kitten,mascot,basket,sunset,hidden,cotton,mitten,catnip,button,velvet,picnic,nutmeg,napkin,tennis,puppet,bandit,helmet,tunnel,timid,fabric,pencil,victim,magnet,submit,muffin,sudden,wisdom,ribbon,under,wonder,river,darker,farmer,former,firmer,harder,marker,after"
"Contractions","can&#8217t,aren&#8217t,don&#8217t,doesn&#8217t,didn&#8217t,haven&#8217t,hasn&#8217t,isn&#8217t,couldn&#8217t,shouldn&#8217t,wouldn&#8217t,wasn&#8217t,weren&#8217t,how&#8217d,who&#8217d,why&#8217d,I&#8217ll,you&#8217ll,he&#8217ll,she&#8217ll,we&#8217ll,they&#8217ll,who&#8217ll,it&#8217ll,I&#8217d,you&#8217d,he&#8217d,she&#8217d,they&#8217d,here&#8217s,how&#8217s,it&#8217s,that&#8217s,there&#8217s,what&#8217s,when&#8217s,where&#8217s,why&#8217s,who&#8217s,I&#8217ve,you&#8217ve,we&#8217ve,they&#8217ve,could&#8217ve,should&#8217ve,would&#8217ve,I&#8217m,you&#8217re,he&#8217s,she&#8217s,we&#8217re,they&#8217re,let&#8217s,won&#8217t","can't,aren't,don't,doesn't,didn't,haven't,hasn't,isn't,couldn't,shouldn't,wouldn't,wasn't,weren't,who'd,how'd,why'd,I'll,we'll,you'll,he'll,she'll,they'll,who'll,it'll,I'd,you'd,he'd,she'd,they'd,here's,how's,it's,that's,there's,what's,when's,where's,why's,who's,I've,you've,they've,could've,should've,would've,I'm,you're,he's,she's,we're,they're,let's,won't"
"Introduction to Phonics","soil,treat,feel,bat,rot,fight,book,bowl,howl",""
"Five ?_e Spellings","rate,cane,bane,hate,mate,wade,tame,tape,fade,made,pane,rage,vane,bake,bale,bane,cage,cake,came,dame,daze,date,fade,fame,fate,gale,game,gate,haze,jade,kale,lake,late,male,mane,maze,page,pave,rake,rave,safe,sale,same,save,bide,bike,bile,bite,cite,dice,dike,dime,dine,dire,dive,file,fine,fire,five,hide,hike,hire,hive,jive,kite,lice,life,lime,line,mice,Mike,mile,mime,mine,mire,mite,nice,nine,pike,pine,pipe,rice,ride,rile,ripe,rise,side,site,size,tide,tile,time,tire,vibe,vice,vile,wide,wife,wine,wipe,wire,wise,bone,bore,code,coke,cone,core,cove,dole,come,dope,dose,dote,doze,fore,gore,hole,home,hone,hope,hose,hove,joke,lobe,lope,lore,mode,mole,mope,more,mote,node,nope,nose,note,poke,pole,pope,pore,pose,robe,rode,role,rope,rose,rote,rove,sole,sore,tone,tote,vole,vote,woke,wore,wove,yoke,zone,cube,cure,cute,dude,duke,dune,dupe,fume,fuse,huge,jute,lube,luge,lure,lute,mule,muse,mute,nuke,puke,pure,rude,rule,sure,tube,tune,brute,chute,crude,fluke,flute,plume,prude,prune,truce,cede,gene,mete,grebe,plebe,scene,swede,theme,these,scheme",""
"What is a Vowel?","soil,treat,feel,bat,rot,fight,book,bowl,howl,note,goat,bit,bug",""
"The 16 Vowels","soil,treat,feel,bat,rot,fight,book,bowl,howl,note,goat,bit,bug,hair,car,her",""
"Simple r-controlled vowels","fire/file,tire/tile,wire/wipe,mire/mile,dire/dime,spire/spike,hire/hide","bar,car,far,jar,mar,par,tar,farm,barn,cart,card,mark,dark,bark,part,park,tart,arm,hard,yard,yarn,harp,fur,hurt,burn,turn,surf,lurk,dirt,girl,bird,firm,fir,sir,her,herd,nerd,per,word,or,for,form,fort,port,pork,dork"
"er","after,faster,serve,brother,father,danger,paper,water,sister,clerk,germ,mother,slower,over,whisper,hamster,person,were,spender,cracker,rocker,spider,swerve,baker,tiger,clerk,stern,verse,nerve,danger,lobster,longer,monster","after,faster,serve,brother,father,danger,paper,water,sister,clerk,germ,mother,slower,over,whisper,hamster,person,were,spender,cracker,rocker,spider,swerve,baker,tiger,stern,verse,nerve,lobster,longer,monster"
"ar ir or ur","bark,chart,hard,barn,dark,march,star,arm,car,dart,start,art,card,shark,word,worm,color,work,world,worth,first,skirt,third,thirsty,bird,girl,birthday,dirt,stir,shirt,whirl,firm,swirl,curve,hurry,purple,church,fur,hurt,purse,nurse,turn","bark,chart,hard,barn,dark,march,star,arm,car,dart,start,art,card,shark,word,sword,worm,color,world,work,worth,first,skirt,third,thirsty,bird,girl,birthday,dirt,stir,shirt,whirl,firm,swirl,curve,hurry,purple,fur,hurt,purse,nurse,turn,burn"
"oh","most,corn,chord,cold,forth,hold,mold,pork,fork,note,bone,code,mole,poke,role,stone,sore,pore,core,lore,more,tore,bore,snore,vote,float,bloat,boast,hoax,goat,loan,loaf,boat,road,roast,foam,soar,soap","most,corn,chord,cold,forth,hold,mold,pork,fork,note,bone,code,mole,poke,role,stone,sore,pore,core,lore,more,tore,bore,snore,vote,float,bloat,boast,hoax,goat,loan,loaf,boat,road,roast,foam,soar,soap"
"ow","howl,cow,how,now,wow,chow,fowl,crown,owl,jowl,prowl,town,out,loud,cloud,proud,round,grout,foul,sour,dour,scour,brown,found,loud,about","scour,cloud,foul,chow,proud,loud,cow,brown,wow,dour,round,out,how,sour,owl,grout,prowl,fowl,jowl,howl,crown,prowl,town,about,found,out"
"Contrast ow and oh","low,know,slow,row,show,tow,own,snow,know,though,toe,foe,soul,door,floor,pour,court,four,fourth,out,loud,proud,round,grout,couch,house,mouth,flower,towel","low,know,slow,row,show,tow,own,snow,know,though,toe,foe,hoax,crow,flow,blown,low,doe,shown,mow,grown,flown,known"
"oy","boy,toy,soy,coy,joy,ploy,royal,alloy,loyal,enjoy,oil,boil,coil,oink,roil,soil,toil","boy,toy,soy,coy,joy,ploy,royal,alloy,enjoy,oil,boil,coil,oink,roil,soil,toil,loyal"
"Contrast oy oh ow","glow,grow,blow,flow,crow,down,town,crowd,foul,sour,dour,flour,count,scour,foil,broil,foist,void,point","glow,grow,blow,flow,crow,down,town,crowd,foul,soul,dour,flour,count,scour,foil,void,point,broil,foist"
"Long oo","roof,tooth,fool,room,shoot,zoo,blue,glue,clue,screw,crew,drew,view,juice,cruise,suit,lose,move,whose,feud,Tuesday,flute,prune,chute,cute,stew","roof,tooth,fool,room,shoot,zoo,blue,glue,clue,screw,crew,drew,view,juice,cruise,suit,lose,move,whose,feud,Tuesday,flute,prune,chute,cute,stew"
"Short oo","book,put,could,would,should,cook,brook,shook,hook,good,hood,cookie,hoof,stood,took,look,wood,foot,woof","book,put,could,would,should,cook,brook,shook,hook,good,hood,cookie,hoof,stood,took,look,wood,foot,woof"
"Contrast oo","brook,nook,rook,wool,soot,stood,bull,bush,pull,bully,bull,put,grew,flew,moon,noon,pool,scoop,zoo,smooth,through,truth,soup,do,group,two,you,who,true,school,loose,food,rooster","wool,soot,stood,bull,bush,pull,bully,grew,flew,moon,noon,pool,scoop,zoo,smooth,through,truth,soup,do,group,two,you,who,school,loose,food,rooster,true"
"aw","dog,bop,brawl,claw,draw,fawn,gnaw,jaw,law,lawn,paw,pawn,saw,stalk,walk,thaw,yawn,ball,call,wall,small,sauce,August,stalk,talk,walk,chalk,fault,salt,also,almost,always,caught,ought,broad,awe","dog,bop,brawl,claw,draw,fawn,gnaw,jaw,law,lawn,paw,pawn,saw,stalk,walk,thaw,yawn,ball,call,wall,small,sauce,August,stalk,talk,walk,chalk,fault,salt,also,almost,always,caught,ought,broad,awe"
"ay","day,say,clay,play,spray,tray,pray,way,mail,tail,brain,paid,chain,rain,train,paint,stain,wait,gain,drain,sail,sprain,trail,plain,quail,eight,sleigh,neighbor,weight,angel,apron,basic,fatal,data,table,paper,break,steak,great,prey,they,grey,straight,veil,rein","day,say,clay,play,spray,tray,pray,way,mail,tail,brain,chain,paid,rain,train,paint,stain,wait,gain,drain,sail,sprain,trail,plain,quail,eight,sleigh,neighbor,weight,angel,apron,basic,fatal,table,paper,break,steak,great,prey,they,grey,straight,veil,rein"
"air","dare,mare,scare,bare,fare,aware,care,parent,spare,careful,prepare,stare,compare,rare,square,fair,pair,hair,air,chair,stair,dairy,fairy,impair,repair,where,there,tear,bear,pear,wear,swear,their","dare,mare,scare,bare,fare,aware,care,parent,spare,careful,prepare,stare,compare,rare,square,fair,pair,hair,air,chair,stair,dairy,fairy,impair,repair,where,there,tear,bear,pear,wear,swear,their"
"ee (ee, -e)","green,seed,queen,free,tree,eel,feet,bee,beet,beef,feel,peel,peek,sheep,creek,cheek,deep,feed,meet,keep,sleep,sheet,street,sweet,teeth,teen,three,wheel,week,bleed,me,she,we,be,he","green,seed,queen,free,tree,eel,feet,bee,beet,beef,feel,peel,peek,sheep,creek,cheek,deep,feed,meet,keep,sleep,sheet,street,sweet,teeth,teen,three,wheel,bleed,me,she,we,be,he,week"
"ee (ea)","least,treat,eat,mean,scream,weak,beach,feast,meat,flea,neat,seal,cheat,heal,peach,seat,clean,jeans,speak,cream,leaf,reach,teach,dream,lean,read,each","least,treat,eat,mean,scream,weak,beach,feast,meat,flea,neat,seal,cheat,heal,peach,seat,clean,jeans,speak,cream,leaf,reach,teach,dream,lean,read,each"
"ee (y, ey, ie)","baby,jolly,puppy,foggy,penny,belly,study,rusty,bunny,lady,silly,candy,funny,skinny,lucky,study,happy,mommy,daddy,hungry,party,ugly,easy,windy,creepy,jelly,key,monkey,chimney,hockey,honey,valley,donkey,money,jockey,cookie,baggie,genie","baby,jolly,puppy,foggy,penny,belly,study,rusty,bunny,lady,silly,candy,funny,skinny,lucky,happy,mommy,daddy,hungry,party,ugly,easy,windy,creepy,jelly,key,monkey,chimney,hockey,honey,valley,donkey,money,jockey,cookie,baggie,genie"
"ee (ie, ei)","believe,belief,chief,frieze,piece,shield,brie,field,grief,siege,belief,brief,fiend,niece,thief,ceiling,protein,receipt,receive,either,seize","believe,belief,chief,frieze,piece,shield,brie,field,grief,siege,brief,fiend,niece,thief"
"Contrast ee eh","bread,head,spread,health,stead,heaven,stealth,breath,instead,sweat,dead,lead,thread,leapt,threat,tread,deaf,meant,wealth,death,read,weapon","green,seed,queen,free,tree,eel,feet,bee,beet,beef,feel,peel,peek,sheep,creek,cheek,deep,feed,meet,keep,sleep,sheet,street,sweet,teeth,teen,three,wheel,bleed,week"
"igh","bribe,life,stripe,shine,write,hide,kite,crime,quite,high,sigh,bright,fight,flight,might,delight,night,tight,right,by,my,cry,dry,fly,spy,why,deny,reply,July,apply,cycle,rhyme,python,die,lie,pie,fries,replies,spies","high,sigh,bright,fight,flight,might,night,tight,right"